Name,FileName,ExportName,ToolIconExportName,BoosterType,BoosterTarget,BoosterPercentage,BoosterDurationSeconds,UnlockLevel,ReputationUnlockLevel,BoosterStars,TID,BoosterValueTID,DescriptionTID,BoosterEffectExportName,BoosterTapEffectExportName,SpinWheelPrize,FreeBooster,PerceivedValue,OfferEntryTID
String,String,String,String,String,String,int,int,int,int,int,String,String,String,String,String,Boolean,Boolean,int,String
FasterBoats_lv1,sc/hud.sc,booster_item01,icon_booster_fasterboat,FasterBoat,,20,64800,35,,1,TID_BOOSTER_FASTER_BOAT,TID_BOOSTER_PERCENTAGE_FASTER,TID_BOOSTER_DESCRIPTION_FASTER_BOAT,happy_character,happy_character,,,,
FasterBoats_lv2,sc/hud.sc,booster_item01,icon_booster_fasterboat,FasterBoat,,25,64800,35,,2,TID_BOOSTER_FASTER_BOAT,TID_BOOSTER_PERCENTAGE_FASTER,TID_BOOSTER_DESCRIPTION_FASTER_BOAT,happy_character,happy_character,,,,
FasterBoats_lv3,sc/hud.sc,booster_item01,icon_booster_fasterboat,FasterBoat,,25,86400,35,,3,TID_BOOSTER_FASTER_BOAT,TID_BOOSTER_PERCENTAGE_FASTER,TID_BOOSTER_DESCRIPTION_FASTER_BOAT,happy_character,happy_character,TRUE,,,
FasterBoats_lv4,sc/hud.sc,booster_item01,icon_booster_fasterboat,FasterBoat,,35,86400,35,,4,TID_BOOSTER_FASTER_BOAT,TID_BOOSTER_PERCENTAGE_FASTER,TID_BOOSTER_DESCRIPTION_FASTER_BOAT,happy_character,happy_character,,,,
FasterBoats_lv5,sc/hud.sc,booster_item01,icon_booster_fasterboat,FasterBoat,,50,129600,35,,5,TID_BOOSTER_FASTER_BOAT,TID_BOOSTER_PERCENTAGE_FASTER,TID_BOOSTER_DESCRIPTION_FASTER_BOAT,happy_character,happy_character,,,1338,
FasterCrops1_lv1,sc/hud.sc,booster_item01,icon_booster_fastercrops,FasterCrops,Soybean,10,7200,35,,1,TID_BOOSTER_FASTER_CROPS,TID_BOOSTER_PERCENTAGE_FASTER,TID_BOOSTER_DESCRIPTION_FASTER_CROPS,happy_character,happy_character,,,,TID_OFFER_BOOSTER_FASTER_CROPS1
,,,,,Sugarcane,,,,,,,,,,,,,,
,,,,,Indigo,,,,,,,,,,,,,,
FasterCrops1_lv2,sc/hud.sc,booster_item01,icon_booster_fastercrops,FasterCrops,Soybean,20,7200,35,,2,TID_BOOSTER_FASTER_CROPS,TID_BOOSTER_PERCENTAGE_FASTER,TID_BOOSTER_DESCRIPTION_FASTER_CROPS,happy_character,happy_character,,,,TID_OFFER_BOOSTER_FASTER_CROPS1
,,,,,Sugarcane,,,,,,,,,,,,,,
,,,,,Indigo,,,,,,,,,,,,,,
FasterCrops1_lv3,sc/hud.sc,booster_item01,icon_booster_fastercrops,FasterCrops,Soybean,20,10800,35,,3,TID_BOOSTER_FASTER_CROPS,TID_BOOSTER_PERCENTAGE_FASTER,TID_BOOSTER_DESCRIPTION_FASTER_CROPS,happy_character,happy_character,,,,TID_OFFER_BOOSTER_FASTER_CROPS1
,,,,,Sugarcane,,,,,,,,,,,,,,
,,,,,Indigo,,,,,,,,,,,,,,
FasterCrops1_lv4,sc/hud.sc,booster_item01,icon_booster_fastercrops,FasterCrops,Soybean,40,10800,35,,4,TID_BOOSTER_FASTER_CROPS,TID_BOOSTER_PERCENTAGE_FASTER,TID_BOOSTER_DESCRIPTION_FASTER_CROPS,happy_character,happy_character,,,,TID_OFFER_BOOSTER_FASTER_CROPS1
,,,,,Sugarcane,,,,,,,,,,,,,,
,,,,,Indigo,,,,,,,,,,,,,,
FasterCrops1_lv5,sc/hud.sc,booster_item01,icon_booster_fastercrops,FasterCrops,Soybean,50,14400,35,,5,TID_BOOSTER_FASTER_CROPS,TID_BOOSTER_PERCENTAGE_FASTER,TID_BOOSTER_DESCRIPTION_FASTER_CROPS,happy_character,happy_character,,,1428,TID_OFFER_BOOSTER_FASTER_CROPS1
,,,,,Sugarcane,,,,,,,,,,,,,,
,,,,,Indigo,,,,,,,,,,,,,,
FasterCrops2_lv1,sc/hud.sc,booster_item01,icon_booster_fastercrops,FasterCrops,Pumpkin,10,18000,35,,1,TID_BOOSTER_FASTER_CROPS,TID_BOOSTER_PERCENTAGE_FASTER,TID_BOOSTER_DESCRIPTION_FASTER_CROPS,happy_character,happy_character,,,,TID_OFFER_BOOSTER_FASTER_CROPS2
,,,,,Chili,,,,,,,,,,,,,,
,,,,,Cotton,,,,,,,,,,,,,,
FasterCrops2_lv2,sc/hud.sc,booster_item01,icon_booster_fastercrops,FasterCrops,Pumpkin,20,18000,35,,2,TID_BOOSTER_FASTER_CROPS,TID_BOOSTER_PERCENTAGE_FASTER,TID_BOOSTER_DESCRIPTION_FASTER_CROPS,happy_character,happy_character,,,,TID_OFFER_BOOSTER_FASTER_CROPS2
,,,,,Chili,,,,,,,,,,,,,,
,,,,,Cotton,,,,,,,,,,,,,,
FasterCrops2_lv3,sc/hud.sc,booster_item01,icon_booster_fastercrops,FasterCrops,Pumpkin,30,25200,35,,3,TID_BOOSTER_FASTER_CROPS,TID_BOOSTER_PERCENTAGE_FASTER,TID_BOOSTER_DESCRIPTION_FASTER_CROPS,happy_character,happy_character,,,,TID_OFFER_BOOSTER_FASTER_CROPS2
,,,,,Chili,,,,,,,,,,,,,,
,,,,,Cotton,,,,,,,,,,,,,,
FasterCrops2_lv4,sc/hud.sc,booster_item01,icon_booster_fastercrops,FasterCrops,Pumpkin,40,25200,35,,4,TID_BOOSTER_FASTER_CROPS,TID_BOOSTER_PERCENTAGE_FASTER,TID_BOOSTER_DESCRIPTION_FASTER_CROPS,happy_character,happy_character,,,,TID_OFFER_BOOSTER_FASTER_CROPS2
,,,,,Chili,,,,,,,,,,,,,,
,,,,,Cotton,,,,,,,,,,,,,,
FasterCrops2_lv5,sc/hud.sc,booster_item01,icon_booster_fastercrops,FasterCrops,Pumpkin,50,36000,35,,5,TID_BOOSTER_FASTER_CROPS,TID_BOOSTER_PERCENTAGE_FASTER,TID_BOOSTER_DESCRIPTION_FASTER_CROPS,happy_character,happy_character,,,1403,TID_OFFER_BOOSTER_FASTER_CROPS2
,,,,,Chili,,,,,,,,,,,,,,
,,,,,Cotton,,,,,,,,,,,,,,
FasterCrops3_lv1,sc/hud.sc,booster_item01,icon_booster_fastercrops,FasterCrops,Tomato,10,36000,35,,1,TID_BOOSTER_FASTER_CROPS,TID_BOOSTER_PERCENTAGE_FASTER,TID_BOOSTER_DESCRIPTION_FASTER_CROPS,happy_character,happy_character,,,,TID_OFFER_BOOSTER_FASTER_CROPS3
,,,,,Strawberry,,,,,,,,,,,,,,
,,,,,Potato,,,,,,,,,,,,,,
FasterCrops3_lv2,sc/hud.sc,booster_item01,icon_booster_fastercrops,FasterCrops,Tomato,20,36000,35,,2,TID_BOOSTER_FASTER_CROPS,TID_BOOSTER_PERCENTAGE_FASTER,TID_BOOSTER_DESCRIPTION_FASTER_CROPS,happy_character,happy_character,,,,TID_OFFER_BOOSTER_FASTER_CROPS3
,,,,,Strawberry,,,,,,,,,,,,,,
,,,,,Potato,,,,,,,,,,,,,,
FasterCrops3_lv3,sc/hud.sc,booster_item01,icon_booster_fastercrops,FasterCrops,Tomato,30,43200,35,,3,TID_BOOSTER_FASTER_CROPS,TID_BOOSTER_PERCENTAGE_FASTER,TID_BOOSTER_DESCRIPTION_FASTER_CROPS,happy_character,happy_character,,,,TID_OFFER_BOOSTER_FASTER_CROPS3
,,,,,Strawberry,,,,,,,,,,,,,,
,,,,,Potato,,,,,,,,,,,,,,
FasterCrops3_lv4,sc/hud.sc,booster_item01,icon_booster_fastercrops,FasterCrops,Tomato,40,43200,35,,4,TID_BOOSTER_FASTER_CROPS,TID_BOOSTER_PERCENTAGE_FASTER,TID_BOOSTER_DESCRIPTION_FASTER_CROPS,happy_character,happy_character,,,,TID_OFFER_BOOSTER_FASTER_CROPS3
,,,,,Strawberry,,,,,,,,,,,,,,
,,,,,Potato,,,,,,,,,,,,,,
FasterCrops3_lv5,sc/hud.sc,booster_item01,icon_booster_fastercrops,FasterCrops,Tomato,50,50400,35,,5,TID_BOOSTER_FASTER_CROPS,TID_BOOSTER_PERCENTAGE_FASTER,TID_BOOSTER_DESCRIPTION_FASTER_CROPS,happy_character,happy_character,,,1450,TID_OFFER_BOOSTER_FASTER_CROPS3
,,,,,Strawberry,,,,,,,,,,,,,,
,,,,,Potato,,,,,,,,,,,,,,
FasterCrops4_lv1,sc/hud.sc,booster_item01,icon_booster_fastercrops,FasterCrops,Onion,10,21600,58,,1,TID_BOOSTER_FASTER_CROPS,TID_BOOSTER_PERCENTAGE_FASTER,TID_BOOSTER_DESCRIPTION_FASTER_CROPS,happy_character,happy_character,,,,TID_OFFER_BOOSTER_FASTER_CROPS4
,,,,,Rice,,,,,,,,,,,,,,
,,,,,Lettuce,,,,,,,,,,,,,,
FasterCrops4_lv2,sc/hud.sc,booster_item01,icon_booster_fastercrops,FasterCrops,Onion,20,21600,58,,2,TID_BOOSTER_FASTER_CROPS,TID_BOOSTER_PERCENTAGE_FASTER,TID_BOOSTER_DESCRIPTION_FASTER_CROPS,happy_character,happy_character,,,,TID_OFFER_BOOSTER_FASTER_CROPS4
,,,,,Rice,,,,,,,,,,,,,,
,,,,,Lettuce,,,,,,,,,,,,,,
FasterCrops4_lv3,sc/hud.sc,booster_item01,icon_booster_fastercrops,FasterCrops,Onion,30,28800,58,,3,TID_BOOSTER_FASTER_CROPS,TID_BOOSTER_PERCENTAGE_FASTER,TID_BOOSTER_DESCRIPTION_FASTER_CROPS,happy_character,happy_character,,,,TID_OFFER_BOOSTER_FASTER_CROPS4
,,,,,Rice,,,,,,,,,,,,,,
,,,,,Lettuce,,,,,,,,,,,,,,
FasterCrops4_lv4,sc/hud.sc,booster_item01,icon_booster_fastercrops,FasterCrops,Onion,40,28800,58,,4,TID_BOOSTER_FASTER_CROPS,TID_BOOSTER_PERCENTAGE_FASTER,TID_BOOSTER_DESCRIPTION_FASTER_CROPS,happy_character,happy_character,,,,TID_OFFER_BOOSTER_FASTER_CROPS4
,,,,,Rice,,,,,,,,,,,,,,
,,,,,Lettuce,,,,,,,,,,,,,,
FasterCrops4_lv5,sc/hud.sc,booster_item01,icon_booster_fastercrops,FasterCrops,Onion,50,36000,58,,5,TID_BOOSTER_FASTER_CROPS,TID_BOOSTER_PERCENTAGE_FASTER,TID_BOOSTER_DESCRIPTION_FASTER_CROPS,happy_character,happy_character,,,1458,TID_OFFER_BOOSTER_FASTER_CROPS4
,,,,,Rice,,,,,,,,,,,,,,
,,,,,Lettuce,,,,,,,,,,,,,,
FasterTrees_lv1,sc/hud.sc,booster_item01,icon_booster_treesbushes,FasterTrees,,10,86400,35,,1,TID_BOOSTER_FASTER_TREES,TID_BOOSTER_PERCENTAGE_FASTER,TID_BOOSTER_DESCRIPTION_FASTER_TREES,happy_character,happy_character,,,,
FasterTrees_lv2,sc/hud.sc,booster_item01,icon_booster_treesbushes,FasterTrees,,20,86400,35,,2,TID_BOOSTER_FASTER_TREES,TID_BOOSTER_PERCENTAGE_FASTER,TID_BOOSTER_DESCRIPTION_FASTER_TREES,happy_character,happy_character,,,,
FasterTrees_lv3,sc/hud.sc,booster_item01,icon_booster_treesbushes,FasterTrees,,30,86400,35,,3,TID_BOOSTER_FASTER_TREES,TID_BOOSTER_PERCENTAGE_FASTER,TID_BOOSTER_DESCRIPTION_FASTER_TREES,happy_character,happy_character,,,,
FasterTrees_lv4,sc/hud.sc,booster_item01,icon_booster_treesbushes,FasterTrees,,40,129600,35,,4,TID_BOOSTER_FASTER_TREES,TID_BOOSTER_PERCENTAGE_FASTER,TID_BOOSTER_DESCRIPTION_FASTER_TREES,happy_character,happy_character,,,,
FasterTrees_lv5,sc/hud.sc,booster_item01,icon_booster_treesbushes,FasterTrees,,50,172800,35,,5,TID_BOOSTER_FASTER_TREES,TID_BOOSTER_PERCENTAGE_FASTER,TID_BOOSTER_DESCRIPTION_FASTER_TREES,happy_character,happy_character,,,1149,
FasterBushes_lv1,sc/hud.sc,booster_item01,icon_booster_treesbushes,FasterBushes,,10,86400,35,,1,TID_BOOSTER_FASTER_BUSHES,TID_BOOSTER_PERCENTAGE_FASTER,TID_BOOSTER_DESCRIPTION_FASTER_BUSHES,happy_character,happy_character,,,,
FasterBushes_lv2,sc/hud.sc,booster_item01,icon_booster_treesbushes,FasterBushes,,20,86400,35,,2,TID_BOOSTER_FASTER_BUSHES,TID_BOOSTER_PERCENTAGE_FASTER,TID_BOOSTER_DESCRIPTION_FASTER_BUSHES,happy_character,happy_character,,,,
FasterBushes_lv3,sc/hud.sc,booster_item01,icon_booster_treesbushes,FasterBushes,,30,86400,35,,3,TID_BOOSTER_FASTER_BUSHES,TID_BOOSTER_PERCENTAGE_FASTER,TID_BOOSTER_DESCRIPTION_FASTER_BUSHES,happy_character,happy_character,,,,
FasterBushes_lv4,sc/hud.sc,booster_item01,icon_booster_treesbushes,FasterBushes,,40,129600,35,,4,TID_BOOSTER_FASTER_BUSHES,TID_BOOSTER_PERCENTAGE_FASTER,TID_BOOSTER_DESCRIPTION_FASTER_BUSHES,happy_character,happy_character,,,,
FasterBushes_lv5,sc/hud.sc,booster_item01,icon_booster_treesbushes,FasterBushes,,50,172800,35,,5,TID_BOOSTER_FASTER_BUSHES,TID_BOOSTER_PERCENTAGE_FASTER,TID_BOOSTER_DESCRIPTION_FASTER_BUSHES,happy_character,happy_character,,,1064,
FasterBuildings1_lv1,sc/hud.sc,booster_item01,icon_booster_fasterproduce,FasterProcessingBuilding,Popcorn_Pot,10,21600,35,,1,TID_BOOSTER_FASTER_PRODUCTION,TID_BOOSTER_PERCENTAGE_FASTER,TID_BOOSTER_DESCRIPTION_FASTER_PRODUCTION,happy_character,happy_character,,,,TID_OFFER_BOOSTER_FASTER_PRODUCTION1
,,,,,Pie_Oven,,,,,,,,,,,,,,
,,,,,Loom,,,,,,,,,,,,,,
FasterBuildings1_lv2,sc/hud.sc,booster_item01,icon_booster_fasterproduce,FasterProcessingBuilding,Popcorn_Pot,20,28800,35,,2,TID_BOOSTER_FASTER_PRODUCTION,TID_BOOSTER_PERCENTAGE_FASTER,TID_BOOSTER_DESCRIPTION_FASTER_PRODUCTION,happy_character,happy_character,,,,TID_OFFER_BOOSTER_FASTER_PRODUCTION1
,,,,,Pie_Oven,,,,,,,,,,,,,,
,,,,,Loom,,,,,,,,,,,,,,
FasterBuildings1_lv3,sc/hud.sc,booster_item01,icon_booster_fasterproduce,FasterProcessingBuilding,Popcorn_Pot,30,28800,35,,3,TID_BOOSTER_FASTER_PRODUCTION,TID_BOOSTER_PERCENTAGE_FASTER,TID_BOOSTER_DESCRIPTION_FASTER_PRODUCTION,happy_character,happy_character,TRUE,,,TID_OFFER_BOOSTER_FASTER_PRODUCTION1
,,,,,Pie_Oven,,,,,,,,,,,,,,
,,,,,Loom,,,,,,,,,,,,,,
FasterBuildings1_lv4,sc/hud.sc,booster_item01,icon_booster_fasterproduce,FasterProcessingBuilding,Popcorn_Pot,40,28800,35,,4,TID_BOOSTER_FASTER_PRODUCTION,TID_BOOSTER_PERCENTAGE_FASTER,TID_BOOSTER_DESCRIPTION_FASTER_PRODUCTION,happy_character,happy_character,,,,TID_OFFER_BOOSTER_FASTER_PRODUCTION1
,,,,,Pie_Oven,,,,,,,,,,,,,,
,,,,,Loom,,,,,,,,,,,,,,
FasterBuildings1_lv5,sc/hud.sc,booster_item01,icon_booster_fasterproduce,FasterProcessingBuilding,Popcorn_Pot,50,36000,35,,5,TID_BOOSTER_FASTER_PRODUCTION,TID_BOOSTER_PERCENTAGE_FASTER,TID_BOOSTER_DESCRIPTION_FASTER_PRODUCTION,happy_character,happy_character,,,1528,TID_OFFER_BOOSTER_FASTER_PRODUCTION1
,,,,,Pie_Oven,,,,,,,,,,,,,,
,,,,,Loom,,,,,,,,,,,,,,
FasterBuildings2_lv1,sc/hud.sc,booster_item01,icon_booster_fasterproduce,FasterProcessingBuilding,Sewing_Machine,10,21600,35,,1,TID_BOOSTER_FASTER_PRODUCTION,TID_BOOSTER_PERCENTAGE_FASTER,TID_BOOSTER_DESCRIPTION_FASTER_PRODUCTION,happy_character,happy_character,,,,TID_OFFER_BOOSTER_FASTER_PRODUCTION2
,,,,,Cake_Oven,,,,,,,,,,,,,,
,,,,,Juice_Press,,,,,,,,,,,,,,
FasterBuildings2_lv2,sc/hud.sc,booster_item01,icon_booster_fasterproduce,FasterProcessingBuilding,Sewing_Machine,20,28800,35,,2,TID_BOOSTER_FASTER_PRODUCTION,TID_BOOSTER_PERCENTAGE_FASTER,TID_BOOSTER_DESCRIPTION_FASTER_PRODUCTION,happy_character,happy_character,,,,TID_OFFER_BOOSTER_FASTER_PRODUCTION2
,,,,,Cake_Oven,,,,,,,,,,,,,,
,,,,,Juice_Press,,,,,,,,,,,,,,
FasterBuildings2_lv3,sc/hud.sc,booster_item01,icon_booster_fasterproduce,FasterProcessingBuilding,Sewing_Machine,30,28800,35,,3,TID_BOOSTER_FASTER_PRODUCTION,TID_BOOSTER_PERCENTAGE_FASTER,TID_BOOSTER_DESCRIPTION_FASTER_PRODUCTION,happy_character,happy_character,TRUE,,,TID_OFFER_BOOSTER_FASTER_PRODUCTION2
,,,,,Cake_Oven,,,,,,,,,,,,,,
,,,,,Juice_Press,,,,,,,,,,,,,,
FasterBuildings2_lv4,sc/hud.sc,booster_item01,icon_booster_fasterproduce,FasterProcessingBuilding,Sewing_Machine,40,28800,35,,4,TID_BOOSTER_FASTER_PRODUCTION,TID_BOOSTER_PERCENTAGE_FASTER,TID_BOOSTER_DESCRIPTION_FASTER_PRODUCTION,happy_character,happy_character,,,,TID_OFFER_BOOSTER_FASTER_PRODUCTION2
,,,,,Cake_Oven,,,,,,,,,,,,,,
,,,,,Juice_Press,,,,,,,,,,,,,,
FasterBuildings2_lv5,sc/hud.sc,booster_item01,icon_booster_fasterproduce,FasterProcessingBuilding,Sewing_Machine,50,36000,35,,5,TID_BOOSTER_FASTER_PRODUCTION,TID_BOOSTER_PERCENTAGE_FASTER,TID_BOOSTER_DESCRIPTION_FASTER_PRODUCTION,happy_character,happy_character,,,1542,TID_OFFER_BOOSTER_FASTER_PRODUCTION2
,,,,,Cake_Oven,,,,,,,,,,,,,,
,,,,,Juice_Press,,,,,,,,,,,,,,
FasterBuildings3_lv1,sc/hud.sc,booster_item01,icon_booster_fasterproduce,FasterProcessingBuilding,Ice_Cream_Maker,10,28800,35,,1,TID_BOOSTER_FASTER_PRODUCTION,TID_BOOSTER_PERCENTAGE_FASTER,TID_BOOSTER_DESCRIPTION_FASTER_PRODUCTION,happy_character,happy_character,,,,TID_OFFER_BOOSTER_FASTER_PRODUCTION3
,,,,,Jam_Maker,,,,,,,,,,,,,,
,,,,,Soup_Kitchen,,,,,,,,,,,,,,
FasterBuildings3_lv2,sc/hud.sc,booster_item01,icon_booster_fasterproduce,FasterProcessingBuilding,Ice_Cream_Maker,20,28800,35,,2,TID_BOOSTER_FASTER_PRODUCTION,TID_BOOSTER_PERCENTAGE_FASTER,TID_BOOSTER_DESCRIPTION_FASTER_PRODUCTION,happy_character,happy_character,,,,TID_OFFER_BOOSTER_FASTER_PRODUCTION3
,,,,,Jam_Maker,,,,,,,,,,,,,,
,,,,,Soup_Kitchen,,,,,,,,,,,,,,
FasterBuildings3_lv3,sc/hud.sc,booster_item01,icon_booster_fasterproduce,FasterProcessingBuilding,Ice_Cream_Maker,30,36000,35,,3,TID_BOOSTER_FASTER_PRODUCTION,TID_BOOSTER_PERCENTAGE_FASTER,TID_BOOSTER_DESCRIPTION_FASTER_PRODUCTION,happy_character,happy_character,TRUE,,,TID_OFFER_BOOSTER_FASTER_PRODUCTION3
,,,,,Jam_Maker,,,,,,,,,,,,,,
,,,,,Soup_Kitchen,,,,,,,,,,,,,,
FasterBuildings3_lv4,sc/hud.sc,booster_item01,icon_booster_fasterproduce,FasterProcessingBuilding,Ice_Cream_Maker,40,36000,35,,4,TID_BOOSTER_FASTER_PRODUCTION,TID_BOOSTER_PERCENTAGE_FASTER,TID_BOOSTER_DESCRIPTION_FASTER_PRODUCTION,happy_character,happy_character,,,,TID_OFFER_BOOSTER_FASTER_PRODUCTION3
,,,,,Jam_Maker,,,,,,,,,,,,,,
,,,,,Soup_Kitchen,,,,,,,,,,,,,,
FasterBuildings3_lv5,sc/hud.sc,booster_item01,icon_booster_fasterproduce,FasterProcessingBuilding,Ice_Cream_Maker,50,43200,35,,5,TID_BOOSTER_FASTER_PRODUCTION,TID_BOOSTER_PERCENTAGE_FASTER,TID_BOOSTER_DESCRIPTION_FASTER_PRODUCTION,happy_character,happy_character,,,1538,TID_OFFER_BOOSTER_FASTER_PRODUCTION3
,,,,,Jam_Maker,,,,,,,,,,,,,,
,,,,,Soup_Kitchen,,,,,,,,,,,,,,
FasterBuildings4_lv1,sc/hud.sc,booster_item01,icon_booster_fasterproduce,FasterProcessingBuilding,Candle_Maker,10,36000,51,,1,TID_BOOSTER_FASTER_PRODUCTION,TID_BOOSTER_PERCENTAGE_FASTER,TID_BOOSTER_DESCRIPTION_FASTER_PRODUCTION,happy_character,happy_character,,,,TID_OFFER_BOOSTER_FASTER_PRODUCTION4
,,,,,Candy_Machine,,,,,,,,,,,,,,
,,,,,Salad_Bar,,,,,,,,,,,,,,
FasterBuildings4_lv2,sc/hud.sc,booster_item01,icon_booster_fasterproduce,FasterProcessingBuilding,Candle_Maker,20,36000,51,,2,TID_BOOSTER_FASTER_PRODUCTION,TID_BOOSTER_PERCENTAGE_FASTER,TID_BOOSTER_DESCRIPTION_FASTER_PRODUCTION,happy_character,happy_character,,,,TID_OFFER_BOOSTER_FASTER_PRODUCTION4
,,,,,Candy_Machine,,,,,,,,,,,,,,
,,,,,Salad_Bar,,,,,,,,,,,,,,
FasterBuildings4_lv3,sc/hud.sc,booster_item01,icon_booster_fasterproduce,FasterProcessingBuilding,Candle_Maker,30,43200,51,,3,TID_BOOSTER_FASTER_PRODUCTION,TID_BOOSTER_PERCENTAGE_FASTER,TID_BOOSTER_DESCRIPTION_FASTER_PRODUCTION,happy_character,happy_character,TRUE,,,TID_OFFER_BOOSTER_FASTER_PRODUCTION4
,,,,,Candy_Machine,,,,,,,,,,,,,,
,,,,,Salad_Bar,,,,,,,,,,,,,,
FasterBuildings4_lv4,sc/hud.sc,booster_item01,icon_booster_fasterproduce,FasterProcessingBuilding,Candle_Maker,40,43200,51,,4,TID_BOOSTER_FASTER_PRODUCTION,TID_BOOSTER_PERCENTAGE_FASTER,TID_BOOSTER_DESCRIPTION_FASTER_PRODUCTION,happy_character,happy_character,,,,TID_OFFER_BOOSTER_FASTER_PRODUCTION4
,,,,,Candy_Machine,,,,,,,,,,,,,,
,,,,,Salad_Bar,,,,,,,,,,,,,,
FasterBuildings4_lv5,sc/hud.sc,booster_item01,icon_booster_fasterproduce,FasterProcessingBuilding,Candle_Maker,50,54000,51,,5,TID_BOOSTER_FASTER_PRODUCTION,TID_BOOSTER_PERCENTAGE_FASTER,TID_BOOSTER_DESCRIPTION_FASTER_PRODUCTION,happy_character,happy_character,,,1440,TID_OFFER_BOOSTER_FASTER_PRODUCTION4
,,,,,Candy_Machine,,,,,,,,,,,,,,
,,,,,Salad_Bar,,,,,,,,,,,,,,
FasterTom_lv1,sc/hud.sc,booster_item01,icon_booster_fastertom,FasterTom,,20,28800,35,,1,TID_BOOSTER_FASTER_TOM,TID_BOOSTER_PERCENTAGE_FASTER,TID_TEST_BOOSTER_DESCRIPTION_FASTER_TOM,happy_character,happy_character,,,,
FasterTom_lv2,sc/hud.sc,booster_item01,icon_booster_fastertom,FasterTom,,20,43200,35,,2,TID_BOOSTER_FASTER_TOM,TID_BOOSTER_PERCENTAGE_FASTER,TID_TEST_BOOSTER_DESCRIPTION_FASTER_TOM,happy_character,happy_character,,,,
FasterTom_lv3,sc/hud.sc,booster_item01,icon_booster_fastertom,FasterTom,,25,43200,35,,3,TID_BOOSTER_FASTER_TOM,TID_BOOSTER_PERCENTAGE_FASTER,TID_TEST_BOOSTER_DESCRIPTION_FASTER_TOM,happy_character,happy_character,TRUE,,,
FasterTom_lv4,sc/hud.sc,booster_item01,icon_booster_fastertom,FasterTom,,40,43200,35,,4,TID_BOOSTER_FASTER_TOM,TID_BOOSTER_PERCENTAGE_FASTER,TID_TEST_BOOSTER_DESCRIPTION_FASTER_TOM,happy_character,happy_character,,,,
FasterTom_lv5,sc/hud.sc,booster_item01,icon_booster_fastertom,FasterTom,,50,43200,35,,5,TID_BOOSTER_FASTER_TOM,TID_BOOSTER_PERCENTAGE_FASTER,TID_TEST_BOOSTER_DESCRIPTION_FASTER_TOM,happy_character,happy_character,,,978,
FreeTom_lv1,sc/hud.sc,booster_item02,icon_booster_freetom,FreeTom,,100,10800,35,,1,TID_BOOSTER_FREE_TOM,TID_HELPER_HIRE_FREE_BUTTON,TID_BOOSTER_DESCRIPTION_FREE_TOM,happy_character,happy_character,,,,
FreeTom_lv2,sc/hud.sc,booster_item02,icon_booster_freetom,FreeTom,,100,18000,35,,2,TID_BOOSTER_FREE_TOM,TID_HELPER_HIRE_FREE_BUTTON,TID_BOOSTER_DESCRIPTION_FREE_TOM,happy_character,happy_character,TRUE,,,
FreeTom_lv3,sc/hud.sc,booster_item02,icon_booster_freetom,FreeTom,,100,32400,35,,3,TID_BOOSTER_FREE_TOM,TID_HELPER_HIRE_FREE_BUTTON,TID_BOOSTER_DESCRIPTION_FREE_TOM,happy_character,happy_character,,,,
FreeTom_lv4,sc/hud.sc,booster_item02,icon_booster_freetom,FreeTom,,100,46800,35,,4,TID_BOOSTER_FREE_TOM,TID_HELPER_HIRE_FREE_BUTTON,TID_BOOSTER_DESCRIPTION_FREE_TOM,happy_character,happy_character,,,,
FreeTom_lv5,sc/hud.sc,booster_item02,icon_booster_freetom,FreeTom,,100,90000,35,,5,TID_BOOSTER_FREE_TOM,TID_HELPER_HIRE_FREE_BUTTON,TID_BOOSTER_DESCRIPTION_FREE_TOM,happy_character,happy_character,,,1563,
FreeRose_lv1,sc/hud.sc,booster_item02,icon_booster_freerose,FreeRose,,100,21600,35,,1,TID_BOOSTER_FREE_ROSE,TID_HELPER_HIRE_FREE_BUTTON,TID_BOOSTER_DESCRIPTION_FREE_ROSE,happy_character,happy_character,,,,
FreeRose_lv2,sc/hud.sc,booster_item02,icon_booster_freerose,FreeRose,,100,43200,35,,2,TID_BOOSTER_FREE_ROSE,TID_HELPER_HIRE_FREE_BUTTON,TID_BOOSTER_DESCRIPTION_FREE_ROSE,happy_character,happy_character,TRUE,,,
FreeRose_lv3,sc/hud.sc,booster_item02,icon_booster_freerose,FreeRose,,100,86400,35,,3,TID_BOOSTER_FREE_ROSE,TID_HELPER_HIRE_FREE_BUTTON,TID_BOOSTER_DESCRIPTION_FREE_ROSE,happy_character,happy_character,,,,
FreeRose_lv4,sc/hud.sc,booster_item02,icon_booster_freerose,FreeRose,,100,172800,35,,4,TID_BOOSTER_FREE_ROSE,TID_HELPER_HIRE_FREE_BUTTON,TID_BOOSTER_DESCRIPTION_FREE_ROSE,happy_character,happy_character,,,,
FreeRose_lv5,sc/hud.sc,booster_item02,icon_booster_freerose,FreeRose,,100,259200,35,,5,TID_BOOSTER_FREE_ROSE,TID_HELPER_HIRE_FREE_BUTTON,TID_BOOSTER_DESCRIPTION_FREE_ROSE,happy_character,happy_character,,,1500,
FreeErnest_lv1,sc/hud.sc,booster_item02,icon_booster_freeernist,FreeErnest,,100,21600,35,,1,TID_BOOSTER_FREE_ERNEST,TID_HELPER_HIRE_FREE_BUTTON,TID_BOOSTER_DESCRIPTION_FREE_ERNEST,happy_character,happy_character,,,,
FreeErnest_lv2,sc/hud.sc,booster_item02,icon_booster_freeernist,FreeErnest,,100,43200,35,,2,TID_BOOSTER_FREE_ERNEST,TID_HELPER_HIRE_FREE_BUTTON,TID_BOOSTER_DESCRIPTION_FREE_ERNEST,happy_character,happy_character,TRUE,,,
FreeErnest_lv3,sc/hud.sc,booster_item02,icon_booster_freeernist,FreeErnest,,100,86400,35,,3,TID_BOOSTER_FREE_ERNEST,TID_HELPER_HIRE_FREE_BUTTON,TID_BOOSTER_DESCRIPTION_FREE_ERNEST,happy_character,happy_character,,,,
FreeErnest_lv4,sc/hud.sc,booster_item02,icon_booster_freeernist,FreeErnest,,100,172800,35,,4,TID_BOOSTER_FREE_ERNEST,TID_HELPER_HIRE_FREE_BUTTON,TID_BOOSTER_DESCRIPTION_FREE_ERNEST,happy_character,happy_character,,,,
FreeErnest_lv5,sc/hud.sc,booster_item02,icon_booster_freeernist,FreeErnest,,100,259200,35,,5,TID_BOOSTER_FREE_ERNEST,TID_HELPER_HIRE_FREE_BUTTON,TID_BOOSTER_DESCRIPTION_FREE_ERNEST,happy_character,happy_character,,,1458,
EasierBoats_lv1,sc/hud.sc,booster_item03,icon_booster_easyboat,EasierBoat,,100,28800,35,,1,TID_BOOSTER_EASIER_BOAT,TID_BOOSTER_AMOUNT_EASIER,TID_BOOSTER_DESCRIPTION_EASIER_BOAT_SINGLE,happy_character,happy_character,,,,
EasierBoats_lv2,sc/hud.sc,booster_item03,icon_booster_easyboat,EasierBoat,,100,43200,35,,2,TID_BOOSTER_EASIER_BOAT,TID_BOOSTER_AMOUNT_EASIER,TID_BOOSTER_DESCRIPTION_EASIER_BOAT_SINGLE,happy_character,happy_character,TRUE,,,
EasierBoats_lv3,sc/hud.sc,booster_item03,icon_booster_easyboat,EasierBoat,,100,86400,35,,3,TID_BOOSTER_EASIER_BOAT,TID_BOOSTER_AMOUNT_EASIER,TID_BOOSTER_DESCRIPTION_EASIER_BOAT_SINGLE,happy_character,happy_character,,,,
EasierBoats_lv4,sc/hud.sc,booster_item03,icon_booster_easyboat,EasierBoat,,200,86400,35,,4,TID_BOOSTER_EASIER_BOAT,TID_BOOSTER_AMOUNT_EASIER,TID_BOOSTER_DESCRIPTION_EASIER_BOAT_MULTIPLE,happy_character,happy_character,,,,
EasierBoats_lv5,sc/hud.sc,booster_item03,icon_booster_easyboat,EasierBoat,,300,86400,35,,5,TID_BOOSTER_EASIER_BOAT,TID_BOOSTER_AMOUNT_EASIER,TID_BOOSTER_DESCRIPTION_EASIER_BOAT_MULTIPLE,happy_character,happy_character,,,1577,
MoreXP_lv1,sc/hud.sc,booster_item04,icon_booster_morexp,MoreXP,ExpPoints,15,10800,35,,1,TID_BOOSTER_MORE_XP,TID_BOOSTER_PERCENTAGE_MORE,TID_BOOSTER_DESCRIPTION_MORE_XP,happy_character,happy_character,,,,
MoreXP_lv2,sc/hud.sc,booster_item04,icon_booster_morexp,MoreXP,ExpPoints,30,10800,35,,2,TID_BOOSTER_MORE_XP,TID_BOOSTER_PERCENTAGE_MORE,TID_BOOSTER_DESCRIPTION_MORE_XP,happy_character,happy_character,TRUE,,,
MoreXP_lv3,sc/hud.sc,booster_item04,icon_booster_morexp,MoreXP,ExpPoints,30,21600,35,,3,TID_BOOSTER_MORE_XP,TID_BOOSTER_PERCENTAGE_MORE,TID_BOOSTER_DESCRIPTION_MORE_XP,happy_character,happy_character,,,,
MoreXP_lv4,sc/hud.sc,booster_item04,icon_booster_morexp,MoreXP,ExpPoints,50,21600,35,,4,TID_BOOSTER_MORE_XP,TID_BOOSTER_PERCENTAGE_MORE,TID_BOOSTER_DESCRIPTION_MORE_XP,happy_character,happy_character,,,,
MoreXP_lv5,sc/hud.sc,booster_item04,icon_booster_morexp,MoreXP,ExpPoints,50,43200,35,,5,TID_BOOSTER_MORE_XP,TID_BOOSTER_PERCENTAGE_MORE,TID_BOOSTER_DESCRIPTION_MORE_XP,happy_character,happy_character,,,1685,
FasterBaitMaker_lv1,sc/hud.sc,booster_item05,icon_booster_fish,FasterFishingBuilding,BaitMaker,10,14400,35,,1,TID_BOOSTER_FASTER_BAIT_MAKER,TID_BOOSTER_PERCENTAGE_FASTER,TID_BOOSTER_DESCRIPTION_FASTER_BAIT_MAKER,happy_character,happy_character,,,,
FasterBaitMaker_lv2,sc/hud.sc,booster_item05,icon_booster_fish,FasterFishingBuilding,BaitMaker,25,14400,35,,2,TID_BOOSTER_FASTER_BAIT_MAKER,TID_BOOSTER_PERCENTAGE_FASTER,TID_BOOSTER_DESCRIPTION_FASTER_BAIT_MAKER,happy_character,happy_character,TRUE,,,
FasterBaitMaker_lv3,sc/hud.sc,booster_item05,icon_booster_fish,FasterFishingBuilding,BaitMaker,25,21600,35,,3,TID_BOOSTER_FASTER_BAIT_MAKER,TID_BOOSTER_PERCENTAGE_FASTER,TID_BOOSTER_DESCRIPTION_FASTER_BAIT_MAKER,happy_character,happy_character,,,,
FasterBaitMaker_lv4,sc/hud.sc,booster_item05,icon_booster_fish,FasterFishingBuilding,BaitMaker,40,21600,35,,4,TID_BOOSTER_FASTER_BAIT_MAKER,TID_BOOSTER_PERCENTAGE_FASTER,TID_BOOSTER_DESCRIPTION_FASTER_BAIT_MAKER,happy_character,happy_character,,,,
FasterBaitMaker_lv5,sc/hud.sc,booster_item05,icon_booster_fish,FasterFishingBuilding,BaitMaker,50,28800,35,,5,TID_BOOSTER_FASTER_BAIT_MAKER,TID_BOOSTER_PERCENTAGE_FASTER,TID_BOOSTER_DESCRIPTION_FASTER_BAIT_MAKER,happy_character,happy_character,,,1338,
FasterNetMaker_lv1,sc/hud.sc,booster_item05,icon_booster_fish,FasterFishingBuilding,NetMaker,10,14400,35,,1,TID_BOOSTER_FASTER_NET_MAKER,TID_BOOSTER_PERCENTAGE_FASTER,TID_BOOSTER_DESCRIPTION_FASTER_NET_MAKER,happy_character,happy_character,,,,
FasterNetMaker_lv2,sc/hud.sc,booster_item05,icon_booster_fish,FasterFishingBuilding,NetMaker,25,14400,35,,2,TID_BOOSTER_FASTER_NET_MAKER,TID_BOOSTER_PERCENTAGE_FASTER,TID_BOOSTER_DESCRIPTION_FASTER_NET_MAKER,happy_character,happy_character,TRUE,,,
FasterNetMaker_lv3,sc/hud.sc,booster_item05,icon_booster_fish,FasterFishingBuilding,NetMaker,25,28800,35,,3,TID_BOOSTER_FASTER_NET_MAKER,TID_BOOSTER_PERCENTAGE_FASTER,TID_BOOSTER_DESCRIPTION_FASTER_NET_MAKER,happy_character,happy_character,,,,
FasterNetMaker_lv4,sc/hud.sc,booster_item05,icon_booster_fish,FasterFishingBuilding,NetMaker,40,28800,35,,4,TID_BOOSTER_FASTER_NET_MAKER,TID_BOOSTER_PERCENTAGE_FASTER,TID_BOOSTER_DESCRIPTION_FASTER_NET_MAKER,happy_character,happy_character,,,,
FasterNetMaker_lv5,sc/hud.sc,booster_item05,icon_booster_fish,FasterFishingBuilding,NetMaker,50,43200,35,,5,TID_BOOSTER_FASTER_NET_MAKER,TID_BOOSTER_PERCENTAGE_FASTER,TID_BOOSTER_DESCRIPTION_FASTER_NET_MAKER,happy_character,happy_character,,,1226,
FasterFishingSpots_lv1,sc/hud.sc,booster_item05,icon_booster_fish,FasterFishingSpots,,10,14400,35,,1,TID_BOOSTER_FASTER_FISHING_SPOT_COOLDOWN,TID_BOOSTER_PERCENTAGE_FASTER,TID_BOOSTER_DESCRIPTION_FASTER_FISHING_SPOT_COOLDOWN,happy_character,happy_character,,,,
FasterFishingSpots_lv2,sc/hud.sc,booster_item05,icon_booster_fish,FasterFishingSpots,,25,14400,35,,2,TID_BOOSTER_FASTER_FISHING_SPOT_COOLDOWN,TID_BOOSTER_PERCENTAGE_FASTER,TID_BOOSTER_DESCRIPTION_FASTER_FISHING_SPOT_COOLDOWN,happy_character,happy_character,,,,
FasterFishingSpots_lv3,sc/hud.sc,booster_item05,icon_booster_fish,FasterFishingSpots,,25,21600,35,,3,TID_BOOSTER_FASTER_FISHING_SPOT_COOLDOWN,TID_BOOSTER_PERCENTAGE_FASTER,TID_BOOSTER_DESCRIPTION_FASTER_FISHING_SPOT_COOLDOWN,happy_character,happy_character,,,,
FasterFishingSpots_lv4,sc/hud.sc,booster_item05,icon_booster_fish,FasterFishingSpots,,40,21600,35,,4,TID_BOOSTER_FASTER_FISHING_SPOT_COOLDOWN,TID_BOOSTER_PERCENTAGE_FASTER,TID_BOOSTER_DESCRIPTION_FASTER_FISHING_SPOT_COOLDOWN,happy_character,happy_character,,,,
FasterFishingSpots_lv5,sc/hud.sc,booster_item05,icon_booster_fish,FasterFishingSpots,,50,28800,35,,5,TID_BOOSTER_FASTER_FISHING_SPOT_COOLDOWN,TID_BOOSTER_PERCENTAGE_FASTER,TID_BOOSTER_DESCRIPTION_FASTER_FISHING_SPOT_COOLDOWN,happy_character,happy_character,,,1214,
FasterLobsters_lv1,sc/hud.sc,booster_item05,icon_booster_fish,FasterLobsters,,10,43200,44,,1,TID_BOOSTER_FASTER_LOBSTERS,TID_BOOSTER_PERCENTAGE_FASTER,TID_BOOSTER_DESCRIPTION_FASTER_LOBSTERS,happy_character,happy_character,,,,
FasterLobsters_lv2,sc/hud.sc,booster_item05,icon_booster_fish,FasterLobsters,,25,43200,44,,2,TID_BOOSTER_FASTER_LOBSTERS,TID_BOOSTER_PERCENTAGE_FASTER,TID_BOOSTER_DESCRIPTION_FASTER_LOBSTERS,happy_character,happy_character,,,,
FasterLobsters_lv3,sc/hud.sc,booster_item05,icon_booster_fish,FasterLobsters,,25,64800,44,,3,TID_BOOSTER_FASTER_LOBSTERS,TID_BOOSTER_PERCENTAGE_FASTER,TID_BOOSTER_DESCRIPTION_FASTER_LOBSTERS,happy_character,happy_character,,,,
FasterLobsters_lv4,sc/hud.sc,booster_item05,icon_booster_fish,FasterLobsters,,40,64800,44,,4,TID_BOOSTER_FASTER_LOBSTERS,TID_BOOSTER_PERCENTAGE_FASTER,TID_BOOSTER_DESCRIPTION_FASTER_LOBSTERS,happy_character,happy_character,,,,
FasterLobsters_lv5,sc/hud.sc,booster_item05,icon_booster_fish,FasterLobsters,,50,86400,44,,5,TID_BOOSTER_FASTER_LOBSTERS,TID_BOOSTER_PERCENTAGE_FASTER,TID_BOOSTER_DESCRIPTION_FASTER_LOBSTERS,happy_character,happy_character,,,,
FasterDucks_lv1,sc/hud.sc,booster_item05,icon_booster_fish,FasterDucks,,10,21600,50,,1,TID_BOOSTER_FASTER_DUCKS,TID_BOOSTER_PERCENTAGE_FASTER,TID_BOOSTER_DESCRIPTION_FASTER_DUCKS,happy_character,happy_character,,,,
FasterDucks_lv2,sc/hud.sc,booster_item05,icon_booster_fish,FasterDucks,,10,28800,50,,2,TID_BOOSTER_FASTER_DUCKS,TID_BOOSTER_PERCENTAGE_FASTER,TID_BOOSTER_DESCRIPTION_FASTER_DUCKS,happy_character,happy_character,,,,
FasterDucks_lv3,sc/hud.sc,booster_item05,icon_booster_fish,FasterDucks,,25,28800,50,,3,TID_BOOSTER_FASTER_DUCKS,TID_BOOSTER_PERCENTAGE_FASTER,TID_BOOSTER_DESCRIPTION_FASTER_DUCKS,happy_character,happy_character,,,,
FasterDucks_lv4,sc/hud.sc,booster_item05,icon_booster_fish,FasterDucks,,40,28800,50,,4,TID_BOOSTER_FASTER_DUCKS,TID_BOOSTER_PERCENTAGE_FASTER,TID_BOOSTER_DESCRIPTION_FASTER_DUCKS,happy_character,happy_character,,,,
FasterDucks_lv5,sc/hud.sc,booster_item05,icon_booster_fish,FasterDucks,,50,36000,50,,5,TID_BOOSTER_FASTER_DUCKS,TID_BOOSTER_PERCENTAGE_FASTER,TID_BOOSTER_DESCRIPTION_FASTER_DUCKS,happy_character,happy_character,,,,
FasterTownBuildings1_lv1,sc/hud.sc,booster_item06,icon_booster_townbuildings,FasterTownBuilding,Movietheater,15,28800,35,3,1,TID_BOOSTER_FASTER_TOWN_BUILDINGS,TID_BOOSTER_PERCENTAGE_FASTER,TID_BOOSTER_DESCRIPTION_FASTER_TOWN_BUILDINGS,happy_character,happy_character,,,,TID_OFFER_BOOSTER_FASTER_TOWN_BUILDINGS1
,,,,,Diner,,,,,,,,,,,,,,
,,,,,Bed and Breakfast,,,,,,,,,,,,,,
FasterTownBuildings1_lv2,sc/hud.sc,booster_item06,icon_booster_townbuildings,FasterTownBuilding,Movietheater,30,28800,35,3,2,TID_BOOSTER_FASTER_TOWN_BUILDINGS,TID_BOOSTER_PERCENTAGE_FASTER,TID_BOOSTER_DESCRIPTION_FASTER_TOWN_BUILDINGS,happy_character,happy_character,,,,TID_OFFER_BOOSTER_FASTER_TOWN_BUILDINGS1
,,,,,Diner,,,,,,,,,,,,,,
,,,,,Bed and Breakfast,,,,,,,,,,,,,,
FasterTownBuildings1_lv3,sc/hud.sc,booster_item06,icon_booster_townbuildings,FasterTownBuilding,Movietheater,30,43200,35,3,3,TID_BOOSTER_FASTER_TOWN_BUILDINGS,TID_BOOSTER_PERCENTAGE_FASTER,TID_BOOSTER_DESCRIPTION_FASTER_TOWN_BUILDINGS,happy_character,happy_character,,,,TID_OFFER_BOOSTER_FASTER_TOWN_BUILDINGS1
,,,,,Diner,,,,,,,,,,,,,,
,,,,,Bed and Breakfast,,,,,,,,,,,,,,
FasterTownBuildings1_lv4,sc/hud.sc,booster_item06,icon_booster_townbuildings,FasterTownBuilding,Movietheater,40,54000,35,3,4,TID_BOOSTER_FASTER_TOWN_BUILDINGS,TID_BOOSTER_PERCENTAGE_FASTER,TID_BOOSTER_DESCRIPTION_FASTER_TOWN_BUILDINGS,happy_character,happy_character,,,,TID_OFFER_BOOSTER_FASTER_TOWN_BUILDINGS1
,,,,,Diner,,,,,,,,,,,,,,
,,,,,Bed and Breakfast,,,,,,,,,,,,,,
FasterTownBuildings1_lv5,sc/hud.sc,booster_item06,icon_booster_townbuildings,FasterTownBuilding,Movietheater,50,64800,35,3,5,TID_BOOSTER_FASTER_TOWN_BUILDINGS,TID_BOOSTER_PERCENTAGE_FASTER,TID_BOOSTER_DESCRIPTION_FASTER_TOWN_BUILDINGS,happy_character,happy_character,,,1107,TID_OFFER_BOOSTER_FASTER_TOWN_BUILDINGS1
,,,,,Diner,,,,,,,,,,,,,,
,,,,,Bed and Breakfast,,,,,,,,,,,,,,
FasterTownBuildings2_lv1,sc/hud.sc,booster_item06,icon_booster_townbuildings,FasterTownBuilding,Spa,15,21600,35,11,1,TID_BOOSTER_FASTER_TOWN_BUILDINGS,TID_BOOSTER_PERCENTAGE_FASTER,TID_BOOSTER_DESCRIPTION_FASTER_TOWN_BUILDINGS,happy_character,happy_character,,,,TID_OFFER_BOOSTER_FASTER_TOWN_BUILDINGS2
,,,,,Beach cafe,,,,,,,,,,,,,,
,,,,,Gift shop,,,,,,,,,,,,,,
FasterTownBuildings2_lv2,sc/hud.sc,booster_item06,icon_booster_townbuildings,FasterTownBuilding,Spa,30,21600,35,11,2,TID_BOOSTER_FASTER_TOWN_BUILDINGS,TID_BOOSTER_PERCENTAGE_FASTER,TID_BOOSTER_DESCRIPTION_FASTER_TOWN_BUILDINGS,happy_character,happy_character,,,,TID_OFFER_BOOSTER_FASTER_TOWN_BUILDINGS2
,,,,,Beach cafe,,,,,,,,,,,,,,
,,,,,Gift shop,,,,,,,,,,,,,,
FasterTownBuildings2_lv3,sc/hud.sc,booster_item06,icon_booster_townbuildings,FasterTownBuilding,Spa,30,28800,35,11,3,TID_BOOSTER_FASTER_TOWN_BUILDINGS,TID_BOOSTER_PERCENTAGE_FASTER,TID_BOOSTER_DESCRIPTION_FASTER_TOWN_BUILDINGS,happy_character,happy_character,,,,TID_OFFER_BOOSTER_FASTER_TOWN_BUILDINGS2
,,,,,Beach cafe,,,,,,,,,,,,,,
,,,,,Gift shop,,,,,,,,,,,,,,
FasterTownBuildings2_lv4,sc/hud.sc,booster_item06,icon_booster_townbuildings,FasterTownBuilding,Spa,40,36000,35,11,4,TID_BOOSTER_FASTER_TOWN_BUILDINGS,TID_BOOSTER_PERCENTAGE_FASTER,TID_BOOSTER_DESCRIPTION_FASTER_TOWN_BUILDINGS,happy_character,happy_character,,,,TID_OFFER_BOOSTER_FASTER_TOWN_BUILDINGS2
,,,,,Beach cafe,,,,,,,,,,,,,,
,,,,,Gift shop,,,,,,,,,,,,,,
FasterTownBuildings2_lv5,sc/hud.sc,booster_item06,icon_booster_townbuildings,FasterTownBuilding,Spa,50,43200,35,11,5,TID_BOOSTER_FASTER_TOWN_BUILDINGS,TID_BOOSTER_PERCENTAGE_FASTER,TID_BOOSTER_DESCRIPTION_FASTER_TOWN_BUILDINGS,happy_character,happy_character,,,1138,TID_OFFER_BOOSTER_FASTER_TOWN_BUILDINGS2
,,,,,Beach cafe,,,,,,,,,,,,,,
,,,,,Gift shop,,,,,,,,,,,,,,
FasterPersonalTrain_lv1,sc/hud.sc,booster_item06,icon_booster_train,FasterPersonalTrain,,20,43200,35,4,1,TID_BOOSTER_FASTER_PERSONAL_TRAIN,TID_BOOSTER_PERCENTAGE_FASTER,TID_BOOSTER_DESCRIPTION_FASTER_PERSONAL_TRAIN,happy_character,happy_character,,,,
FasterPersonalTrain_lv2,sc/hud.sc,booster_item06,icon_booster_train,FasterPersonalTrain,,20,57600,35,4,2,TID_BOOSTER_FASTER_PERSONAL_TRAIN,TID_BOOSTER_PERCENTAGE_FASTER,TID_BOOSTER_DESCRIPTION_FASTER_PERSONAL_TRAIN,happy_character,happy_character,,,,
FasterPersonalTrain_lv3,sc/hud.sc,booster_item06,icon_booster_train,FasterPersonalTrain,,25,64800,35,4,3,TID_BOOSTER_FASTER_PERSONAL_TRAIN,TID_BOOSTER_PERCENTAGE_FASTER,TID_BOOSTER_DESCRIPTION_FASTER_PERSONAL_TRAIN,happy_character,happy_character,,,,
FasterPersonalTrain_lv4,sc/hud.sc,booster_item06,icon_booster_train,FasterPersonalTrain,,40,64800,35,4,4,TID_BOOSTER_FASTER_PERSONAL_TRAIN,TID_BOOSTER_PERCENTAGE_FASTER,TID_BOOSTER_DESCRIPTION_FASTER_PERSONAL_TRAIN,happy_character,happy_character,,,,
FasterPersonalTrain_lv5,sc/hud.sc,booster_item06,icon_booster_train,FasterPersonalTrain,,50,86400,35,4,5,TID_BOOSTER_FASTER_PERSONAL_TRAIN,TID_BOOSTER_PERCENTAGE_FASTER,TID_BOOSTER_DESCRIPTION_FASTER_PERSONAL_TRAIN,happy_character,happy_character,,,703,
MoreCash_lv1,sc/hud.sc,booster_item04,icon_booster_morecoins,MoreCash,Cash,10,14400,35,,1,TID_BOOSTER_MORE_CASH,TID_BOOSTER_PERCENTAGE_MORE,TID_BOOSTER_DESCRIPTION_MORE_CASH,happy_character,happy_character,,,,
MoreCash_lv2,sc/hud.sc,booster_item04,icon_booster_morecoins,MoreCash,Cash,25,14400,35,,2,TID_BOOSTER_MORE_CASH,TID_BOOSTER_PERCENTAGE_MORE,TID_BOOSTER_DESCRIPTION_MORE_CASH,happy_character,happy_character,TRUE,,,
MoreCash_lv3,sc/hud.sc,booster_item04,icon_booster_morecoins,MoreCash,Cash,25,21600,35,,3,TID_BOOSTER_MORE_CASH,TID_BOOSTER_PERCENTAGE_MORE,TID_BOOSTER_DESCRIPTION_MORE_CASH,happy_character,happy_character,,,,
MoreCash_lv4,sc/hud.sc,booster_item04,icon_booster_morecoins,MoreCash,Cash,40,28800,35,,4,TID_BOOSTER_MORE_CASH,TID_BOOSTER_PERCENTAGE_MORE,TID_BOOSTER_DESCRIPTION_MORE_CASH,happy_character,happy_character,,,,
MoreCash_lv5,sc/hud.sc,booster_item04,icon_booster_morecoins,MoreCash,Cash,50,28800,35,,5,TID_BOOSTER_MORE_CASH,TID_BOOSTER_PERCENTAGE_MORE,TID_BOOSTER_DESCRIPTION_MORE_CASH,happy_character,happy_character,,,,
HeavierFish_lv1,sc/hud.sc,booster_item05,icon_booster_fish,HeavierFish,BigGameFisherCount,10,21600,35,,1,TID_BOOSTER_HEAVIER_FISH,TID_BOOSTER_PERCENTAGE_MORE,TID_BOOSTER_DESCRIPTION_HEAVIER_FISH,happy_character,happy_character,,,,
HeavierFish_lv2,sc/hud.sc,booster_item05,icon_booster_fish,HeavierFish,BigGameFisherCount,25,21600,35,,2,TID_BOOSTER_HEAVIER_FISH,TID_BOOSTER_PERCENTAGE_MORE,TID_BOOSTER_DESCRIPTION_HEAVIER_FISH,happy_character,happy_character,,,,
HeavierFish_lv3,sc/hud.sc,booster_item05,icon_booster_fish,HeavierFish,BigGameFisherCount,25,28800,35,,3,TID_BOOSTER_HEAVIER_FISH,TID_BOOSTER_PERCENTAGE_MORE,TID_BOOSTER_DESCRIPTION_HEAVIER_FISH,happy_character,happy_character,,,,
HeavierFish_lv4,sc/hud.sc,booster_item05,icon_booster_fish,HeavierFish,BigGameFisherCount,40,28800,35,,4,TID_BOOSTER_HEAVIER_FISH,TID_BOOSTER_PERCENTAGE_MORE,TID_BOOSTER_DESCRIPTION_HEAVIER_FISH,happy_character,happy_character,,,,
HeavierFish_lv5,sc/hud.sc,booster_item05,icon_booster_fish,HeavierFish,BigGameFisherCount,40,43200,35,,5,TID_BOOSTER_HEAVIER_FISH,TID_BOOSTER_PERCENTAGE_MORE,TID_BOOSTER_DESCRIPTION_HEAVIER_FISH,happy_character,happy_character,,,,
MiningMoreOres_lv1,sc/hud.sc,booster_item07,icon_booster_moreore,MiningMoreOres,RepairedMine,100,600,35,,1,TID_BOOSTER_MINING_MORE_ORES,TID_BOOSTER_MORE,TID_BOOSTER_DESCRIPTION_MINING_MORE_ORES_SINGLE,happy_character,happy_character,,,,
MiningMoreOres_lv3,sc/hud.sc,booster_item07,icon_booster_moreore,MiningMoreOres,RepairedMine,200,600,35,,3,TID_BOOSTER_MINING_MORE_ORES,TID_BOOSTER_MORE,TID_BOOSTER_DESCRIPTION_MINING_MORE_ORES_MULTIPLE,happy_character,happy_character,,,,
MiningMoreOres_lv5,sc/hud.sc,booster_item07,icon_booster_moreore,MiningMoreOres,RepairedMine,300,600,35,,5,TID_BOOSTER_MINING_MORE_ORES,TID_BOOSTER_MORE,TID_BOOSTER_DESCRIPTION_MINING_MORE_ORES_MULTIPLE,happy_character,happy_character,,,,
