Name,ShopIconFileName,ShopIconExportName,UnlockLevel,RepUnlockLevel,ShopOrder,FileName,ExportName,TileWidth,TileHeight,Price,DiamondPrice,Vouchers,VoucherCount,PriceIncrease,DoPriceIncreaseEveryNObject,ShopDescriptionTID,TID,BuySound,AttractsButterflies,BirdsLand,SpawnsBirds,SpawnsFrogs,TapSound,CanBuy,SpinWheelPrize,BuyExp,Theme,TagSpecial,TagNature,TagDeco,TagSanctuary,TagStatue,HideFromLevelUpScreen,SanctuaryAnimal,PerceivedValue,,,,,,,,
String,String,String,int,int,int,String,String,int,int,int,int,String,int,int,int,String,String,String,Boolean,Boolean,Boolean,Boolean,String,Boolean,Boolean,int,String,Boolean,Boolean,Boolean,Boolean,Boolean,Boolean,String,int,,,,,,,,
Flowerpot,sc/icons_decos.sc,shop_icon_flowerpot_1,8,0,,sc/decos01_generic.sc,flowerpot_1,1,1,24,,,,5,1,TID_FLOWERPOT_1_DESCRIPTION,TID_FLOWERPOT_1,Buy,TRUE,,,,TapDecorationGeneric,TRUE,,3,,,TRUE,,,,,,,,,,,,,,
Flowerbed_1,sc/icons_decos.sc,shop_icon_flowerbed_1,9,0,,sc/decos01_generic.sc,flowerbed_1x1_1,1,1,49,,,,10,1,TID_FLOWERBED_1_DESCRIPTION,TID_FLOWERBED_1,Buy,TRUE,,,,TapDecorationGeneric,TRUE,,5,,,TRUE,,,,,,,,,,,,,,
Flowerbed_2,sc/icons_decos.sc,shop_icon_flowerbed_2,14,0,,sc/decos01_generic.sc,flowerbed_1x1_2,1,1,69,,,,10,1,TID_FLOWERBED_2_DESCRIPTION,TID_FLOWERBED_2,Buy,TRUE,,,,TapDecorationGeneric,TRUE,,7,,,TRUE,,,,,,,,,,,,,,
Barrel_1,sc/icons_decos.sc,shop_icon_barrel_1,8,0,,sc/decos01_generic.sc,barrel_1,1,1,99,,,,50,1,TID_BARREL_1_DESCRIPTION,TID_BARREL_1,Buy,,,,,TapDecorationGeneric,TRUE,,10,,,,TRUE,,,,,,,,,,,,,
Barrel_2,sc/icons_decos.sc,shop_icon_barrel_2,17,0,,sc/decos01_generic.sc,barrel_2,1,1,200,,,,100,1,TID_BARREL_2_DESCRIPTION,TID_BARREL_2,Buy,,,,,TapDecorationGeneric,TRUE,,15,,,,TRUE,,,,,,,,,,,,,
Birdhouse_1,sc/icons_decos.sc,shop_icon_birdhouse_1,13,0,,sc/decos01_generic.sc,birdhouse_1,1,1,349,,,,150,1,TID_BIRDHOUSE_1_DESCRIPTION,TID_BIRDHOUSE_1,Buy,,TRUE,TRUE,,TapDecorationGeneric,TRUE,,25,,,,TRUE,,,,,,,,,,,,,
Gazebo_1,sc/icons_decos.sc,shop_icon_gazebo_1,19,0,,sc/decos01_generic.sc,gazebo_1,2,2,2500,,,,500,1,TID_GAZEBO_1_DESCRIPTION,TID_GAZEBO_1,Buy,,,,,TapDecorationGeneric,TRUE,,50,,,,TRUE,,,,,,,,,,,,,
Lantern,sc/icons_decos.sc,shop_icon_lantern,12,0,,sc/decos01_generic.sc,lantern,1,1,175,,,,50,1,TID_LANTERN_DESCRIPTION,TID_LANTERN,Buy,,,,,TapDecorationGeneric,TRUE,,12,,,,TRUE,,,,,,,,,,,,,
Haycart,sc/icons_decos.sc,shop_icon_haycart,15,0,,sc/decos01_generic.sc,haycart,1,1,300,,,,100,1,TID_HAYCART_DESCRIPTION,TID_HAYCART,Buy,,,,,TapDecorationGeneric,TRUE,,20,,,,TRUE,,,,,,,,,,,,,
Haybale_1,sc/icons_decos.sc,shop_icon_haybale_1,9,0,,sc/decos01_generic.sc,haybale_1,1,1,250,,,,75,1,TID_HAYBALE_1_DESCRIPTION,TID_HAYBALE_1,Buy,,,,,TapDecorationGeneric,TRUE,,18,,,,TRUE,,,,,,,,,,,,,
Wheebarrow,sc/icons_decos.sc,shop_icon_wheelbarrow,12,0,,sc/decos01_generic.sc,wheelbarrow,1,1,,16,,,,,TID_WHEELBARROW_DESCRIPTION,TID_WHEELBARROW,Buy,TRUE,,,,TapDecorationGeneric,TRUE,,48,,,,TRUE,,,,,,,,,,,,,
Birdhouse_2,sc/icons_decos.sc,shop_icon_birdhouse_2,9,0,,sc/decos01_generic.sc,birdhouse_2,1,1,,5,,,,,TID_BIRDHOUSE_2_DESCRIPTION,TID_BIRDHOUSE_2,Buy,,TRUE,TRUE,,TapDecorationGeneric,TRUE,,15,,,,TRUE,,,,,,,,,,,,,
Gazebo_2,sc/icons_decos.sc,shop_icon_gazebo_2,19,0,,sc/decos01_generic.sc,gazebo_2,2,2,,30,,,,,TID_GAZEBO_2_DESCRIPTION,TID_GAZEBO_2,Buy,,,,,TapDecorationGeneric,TRUE,,90,,,,TRUE,,,,,,,,,,,,,
Haybale_2,sc/icons_decos.sc,shop_icon_haybale_2,18,0,,sc/decos01_generic.sc,haybale_2,2,1,,8,,,,,TID_HAYBALE_2_DESCRIPTION,TID_HAYBALE_2,Buy,,,,,TapDecorationGeneric,TRUE,,24,,,,TRUE,,,,,,,,,,,,,
Flowerpot_2,sc/icons_decos.sc,shop_icon_flowerpot_2,16,0,,sc/decos01_generic.sc,flowerpot_2,1,1,39,,,,5,1,TID_YELLOWFLOWERS_DESCRIPTION,TID_YELLOWFLOWERS,Buy,TRUE,,,,TapDecorationGeneric,TRUE,,4,,,TRUE,,,TRUE,,,,,,,,,,,
Bench_1,sc/icons_decos.sc,shop_icon_bench_1,20,0,,sc/decos01_generic.sc,bench_01,2,1,350,,,,50,1,TID_WOODENBENCH_DESCRIPTION,TID_WOODENBENCH,Buy,,,,,TapDecorationGeneric,TRUE,,25,,,,TRUE,,,,,,,,,,,,,
Bench_2,sc/icons_decos.sc,shop_icon_bench_2,23,0,,sc/decos01_generic.sc,bench_02,2,1,,20,,,,,TID_WHITEBENCH_DESCRIPTION,TID_WHITEBENCH,Buy,,,,,TapDecorationGeneric,TRUE,,60,,,,TRUE,,,,,,,,,,,,,
Pond_1,sc/icons_decos.sc,shop_icon_pond_1,22,0,,sc/decos01_generic.sc,pond_01,2,2,2500,,,,500,1,TID_SMALLPOND_DESCRIPTION,TID_SMALLPOND,Buy,,,,TRUE,TapDecorationWater,TRUE,,50,,,TRUE,,,,,,,,,,,,,,
Pond_2,sc/icons_decos.sc,shop_icon_pond_2,22,0,,sc/decos01_generic.sc,pond_02,3,3,,,Voucher1,3,,,TID_LARGEPOND_DESCRIPTION,TID_LARGEPOND,Buy,,,,TRUE,TapDecorationWater,TRUE,,100,,,TRUE,,,,,,,,,,,,,,
Waterwell,sc/icons_decos.sc,shop_icon_well,27,0,,sc/decos01_generic.sc,well,1,1,,,Voucher1,2,,,TID_WATERWELL_DESCRIPTION,TID_WATERWELL,Buy,,,,,TapDecorationGeneric,TRUE,,100,,,,TRUE,,,,,,,,,,,,,
,,,,,,,,,,,,Voucher2,1,,,,,,,,,,,,,,,,,,,,,,,,,,,,,,
Outhouse,sc/icons_decos.sc,shop_icon_outhouse,28,0,,sc/decos01_generic.sc,outhouse,1,1,400,,,,50,1,TID_OUTHOUSE_DESCRIPTION,TID_OUTHOUSE,Buy,,,,,TapDecorationGeneric,TRUE,,30,,,,TRUE,,,,,,,,,,,,,
Swingset,sc/icons_decos.sc,shop_icon_swing_01,33,0,,sc/decos01_generic.sc,swing_01,2,1,,,Voucher4,2,,,TID_SWINGSET_DESCRIPTION,TID_SWINGSET,Buy,,,,,TapDecorationGeneric,TRUE,,150,,,,,,TRUE,,,,,,,,,,,
Bonfire,sc/icons_decos.sc,shop_icon_bonfire,31,0,,sc/decos01_generic.sc,bonfire,1,1,1000,,,,75,1,TID_BONFIRE_DESCRIPTION,TID_BONFIRE,Buy,,,,,TapDecorationGeneric,TRUE,,40,,,,TRUE,,,,,,,,,,,,,
Fountain,sc/icons_decos.sc,shop_icon_fountain,36,0,,sc/decos01_generic.sc,fountain,1,1,,,Voucher2,2,,,TID_FOUNTAIN_DESCRIPTION,TID_FOUNTAIN,Buy,,,,,TapDecorationWater,TRUE,,150,,,,,,TRUE,,,,,,,,,,,
,,,,,,,,,,,,Voucher3,1,,,,,,,,,,,,,,,,,,,,,,,,,,,,,,
Woodpile,sc/icons_decos.sc,shop_icon_woodpile,14,0,,sc/decos01_generic.sc,woodpile,1,1,19,,,,5,1,TID_WOODPILE_DESCRIPTION,TID_WOODPILE,Buy,,,,,TapDecorationGeneric,TRUE,,2,,,,TRUE,,,,,,,,,,,,,
Flowerlog,sc/icons_decos.sc,shop_icon_flowerlog,13,0,,sc/decos01_generic.sc,flowerlog,1,1,99,,,,5,1,TID_FLOWERLOG_DESCRIPTION,TID_FLOWERLOG,Buy,TRUE,,,,TapDecorationGeneric,TRUE,,10,,,TRUE,,,,,,,,,,,,,,
HolidayTree,sc/icons_decos.sc,shop_icon_holiday_tree,1,0,,sc/decos02_seasonal.sc,holiday_tree,1,1,,30,,,,,TID_HOLIDAYTREE_DESCRIPTION,TID_HOLIDAYTREE,Buy,,TRUE,,,TapDecorationXmas,TRUE,,50,Christmas,,,,,TRUE,,,,,,,,,,,
Gifts,sc/icons_decos.sc,shop_icon_gifts,1,0,,sc/decos02_seasonal.sc,gifts,1,1,2500,,,,500,1,TID_GIFTS_DESCRIPTION,TID_GIFTS,Buy,,,,,TapDecorationXmas,TRUE,,18,Christmas,,,,,TRUE,,,,,,,,,,,
ToySoldier,sc/icons_decos.sc,shop_icon_toy_soldier,1,0,,sc/decos02_seasonal.sc,toy_soldier,1,1,,2,,,,,TID_TOYSOLDIER_DESCRIPTION,TID_TOYSOLDIER,Buy,,,,,TapDecorationXmas,TRUE,,25,Christmas,,,,,TRUE,,,,,,,,,,,
CandyPole,sc/icons_decos.sc,shop_icon_candy_pole,1,0,,sc/decos02_seasonal.sc,candy_pole,1,1,1000,,,,200,1,TID_CANDYPOLE_DESCRIPTION,TID_CANDYPOLE,Buy,,,,,TapDecorationXmas,TRUE,,9,Christmas,,,,,TRUE,,,,,,,,,,,
HolidayFlower,sc/icons_decos.sc,shop_icon_holiday_flowers,1,0,,sc/decos02_seasonal.sc,holiday_flowers,1,1,300,,,,100,1,TID_HOLIDAYFLOWER_DESCRIPTION,TID_HOLIDAYFLOWER,Buy,,,,,TapDecorationXmas,TRUE,,15,Christmas,,TRUE,,,TRUE,,,,,,,,,,,
Snowman,sc/icons_decos.sc,shop_icon_snowman,1,0,,sc/decos02_seasonal.sc,snowman,1,1,,25,,,,,TID_SNOWMAN_DESCRIPTION,TID_SNOWMAN,Buy,,,,,TapDecorationXmas,TRUE,,30,Christmas,,,,,TRUE,,,,,,,,,,,
FrozenPond_1,sc/icons_decos.sc,shop_icon_frozen_pond_01,1,0,,sc/decos02_seasonal.sc,frozen_pond_01,2,2,,10,,,,,TID_FROZENPOND_1_DESCRIPTION,TID_FROZENPOND_1,Buy,,,,,TapDecorationXmas,TRUE,,45,Christmas,,TRUE,,,,,,,,,,,,,,
FrozenPond_2,sc/icons_decos.sc,shop_icon_frozen_pond_02,1,0,,sc/decos02_seasonal.sc,frozen_pond_02,3,3,,14,,,,,TID_FROZENPOND_2_DESCRIPTION,TID_FROZENPOND_2,Buy,,,,,TapDecorationXmas,TRUE,,50,Christmas,,TRUE,,,,,,,,,,,,,,
,,,,,,,,,,,,,,,,,,,,,,,,,,,,,,,,,,,,,,,,,,,
ClassicTopiary,sc/icons_decos.sc,shop_icon_classic_topiary,17,0,,sc/decos01_generic.sc,classic_topiary,1,1,,5,,,,,TID_REGULAR_TOPIARY_DESCRIPTION,TID_REGULAR_TOPIARY,Buy,,,,,TapDecorationGeneric,TRUE,,90,,,TRUE,,,TRUE,,,,,,,,,,,
ConeTopiary,sc/icons_decos.sc,shop_icon_cone_topiary,17,0,,sc/decos01_generic.sc,cone_topiary,1,1,,8,,,,,TID_CONE_TOPIARY_DESCRIPTION,TID_CONE_TOPIARY,Buy,,,,,TapDecorationGeneric,TRUE,,95,,,TRUE,,,TRUE,,,,,,,,,,,
Bridge,sc/icons_decos.sc,shop_icon_bridge,28,0,,sc/decos01_generic.sc,bridge,3,4,,,Voucher1,45,,,TID_BRIDGE_DESCRIPTION,TID_BRIDGE,Buy,,,,,TapDecorationWater,TRUE,,100,,,,,,TRUE,,,,,,,,,,,
BirdBath,sc/icons_decos.sc,shop_icon_bird_bath,31,0,,sc/decos01_generic.sc,bird_bath,1,1,,,Voucher1,1,,,TID_BIRD_BATH_DESCRIPTION,TID_BIRD_BATH,Buy,,TRUE,TRUE,,TapDecorationWater,TRUE,,100,,,,TRUE,,,,,,,,,,,,,
,,,,,,,,,,,,Voucher4,1,,,,,,,,,,,,,,,,,,,,,,,,,,,,,,
Pool,sc/icons_decos.sc,shop_icon_swimmingpool,30,0,,sc/decos01_generic.sc,swimming_pool,2,3,,,Voucher2,2,,,TID_POOL_DESCRIPTION,TID_POOL,Buy,,,,,TapDecorationWater,TRUE,,150,,,,,,TRUE,,,,,,,,,,,
,,,,,,,,,,,,Voucher4,2,,,,,,,,,,,,,,,,,,,,,,,,,,,,,,
PicnicTable,sc/icons_decos.sc,shop_icon_picnic_table,38,0,,sc/decos01_generic.sc,picnic_table,2,2,3500,,,,50,1,TID_PICNIC_TABLE_DESCRIPTION,TID_PICNIC_TABLE,Buy,,,,,TapDecorationGeneric,TRUE,,50,,,,,,TRUE,,,,,,,,,,,
,,,,,,,,,,,,,,,,,,,,,,,,,,,,,,,,,,,,,,,,,,,
LadyBug,sc/icons_decos.sc,shop_icon_ladybug,1,0,,sc/decos01_generic.sc,ladybug,1,1,250,,,,25,1,TID_FLOWER_LADYBUG_DESCRIPTION,TID_FLOWER_LADYBUG,Buy,,,,,TapDecorationGeneric,TRUE,,25,,,,,,TRUE,,,,,,,,,,,
Butterfly,sc/icons_decos.sc,shop_icon_butterfly,1,0,,sc/decos01_generic.sc,butterfly,1,1,300,,,,30,1,TID_FLOWER_BUTTERFLY_DESCRIPTION,TID_FLOWER_BUTTERFLY,Buy,,,,,TapDecorationGeneric,TRUE,,25,,,,,,TRUE,,,,,,,,,,,
Caterpillar,sc/icons_decos.sc,shop_icon_caterpillar,1,0,,sc/decos01_generic.sc,caterpillar,1,1,200,,,,20,1,TID_CATERPILLAR_DESCRIPTION,TID_CATERPILLAR,Buy,,,,,TapDecorationGeneric,TRUE,,25,,,,,,TRUE,,,,,,,,,,,
GnomeFemale,sc/icons_decos.sc,shop_icon_gnome_female,1,0,,sc/decos01_generic.sc,gnome_female,1,1,350,,,,35,1,TID_GNOME_FEMALE_DESCRIPTION,TID_GNOME_FEMALE,Buy,,,,,TapDecorationGeneric,TRUE,,25,,,,,,TRUE,,,,,,,,,,,
GnomeMale,sc/icons_decos.sc,shop_icon_gnome_male,1,0,,sc/decos01_generic.sc,gnome_male,1,1,350,,,,35,1,TID_GNOME_MALE_DESCRIPTION,TID_GNOME_MALE,Buy,,,,,TapDecorationGeneric,TRUE,,25,,,,,,TRUE,,,,,,,,,,,
HeartTopiary,sc/icons_decos.sc,shop_icon_heart_topiary,1,0,,sc/decos01_generic.sc,heart_topiary,1,1,500,,,,50,1,TID_HEART_TOPIARY_DESCRIPTION,TID_HEART_TOPIARY,Buy,,,,,TapDecorationGeneric,TRUE,,25,,,TRUE,,,TRUE,,,,,,,,,,,
CraneTopiary,sc/icons_decos.sc,shop_icon_crane_topiary,1,0,,sc/decos01_generic.sc,crane_topiary,1,1,500,,,,50,1,TID_CRANE_TOPIARY_DESCRIPTION,TID_CRANE_TOPIARY,Buy,,,,,TapDecorationGeneric,TRUE,,25,,,TRUE,,,TRUE,,,,,,,,,,,
Exotic Topiary,sc/icons_decos.sc,shop_icon_exotic_topiary,1,0,,sc/decos01_generic.sc,exotic_topiary,1,1,500,,,,50,1,TID_FANCY_TOPIARY_DESCRIPTION,TID_FANCY_TOPIARY,Buy,,,,,TapDecorationGeneric,TRUE,,25,,,TRUE,,,TRUE,,,,,,,,,,,
BikeBasket,sc/icons_decos.sc,shop_icon_bike_basket,1,0,,sc/decos01_generic.sc,bike_basket,1,2,250,,,,25,1,TID_BIKE_BASKET_DESCRIPTION,TID_BIKE_BASKET,Buy,,,,,TapDecorationGeneric,TRUE,,25,,,,,,TRUE,,,,,,,,,,,
MaleBike,sc/icons_decos.sc,shop_icon_bike_boy,1,0,,sc/decos01_generic.sc,bike_boy,1,2,250,,,,25,1,TID_MALE_BIKE_DESCRIPTION,TID_MALE_BIKE,Buy,,,,,TapDecorationGeneric,TRUE,,25,,,,,,TRUE,,,,,,,,,,,
LayeredTopiary,sc/icons_decos.sc,shop_icon_layered_topiary,1,0,,sc/decos01_generic.sc,layered_topiary,2,2,700,,,,70,1,TID_LAYERED_TOPIARY_DESCRIPTION,TID_LAYERED_TOPIARY,Buy,,,,,TapDecorationGeneric,TRUE,,25,,,TRUE,,,TRUE,,,,,,,,,,,
,,,,,,,,,,,,,,,,,,,,,,,,,,,,,,,,,,,,,,,,,,,
Waterfall,sc/icons_decos.sc,shop_icon_waterfall,21,0,,sc/decos01_generic.sc,waterfall,3,3,,,Voucher4,15,,,TID_WATERFALL_DESCRIPTION,TID_WATERFALL,Buy,,,,,TapDecorationWater,TRUE,,350,,,TRUE,,,,,,,,,,,,,,
,,,,,,,,,,,,,,,,,,,,,,,,,,,,,,,,,,,,,,,,,,,
FrogKing,sc/icons_decos.sc,shop_icon_frog_king,1,0,,sc/decos01_generic.sc,frog_king,1,1,,,,,,,TID_FROGKING_DESCRIPTION,TID_FROGKING,Buy,,,,,TapDecorationGeneric,,,,,,,,,TRUE,,,,,,,,,,,
Tortoise,sc/icons_decos.sc,shop_icon_tortoise,1,0,,sc/decos01_generic.sc,tortoise,1,1,,,,,,,TID_TORTOISE_DESCRIPTION,TID_TORTOISE,Buy,,,,,TapDecorationGeneric,,,,,,,,,TRUE,,,,,,,,,,,
GardenBoyStatue,sc/icons_decos.sc,shop_icon_garden_boy_statue,1,0,,sc/decos01_generic.sc,garden_boy_statue,2,2,,,,,,,TID_GARDENBOYSTATUE_DESCRIPTION,TID_GARDENBOYSTATUE,Buy,,,,,TapDecorationWater,,,,,,,,,TRUE,,,,,,,,,,,
Snail,sc/icons_decos.sc,shop_icon_snail,1,0,,sc/decos01_generic.sc,snail,1,1,,,,,,,TID_SNAIL_DESCRIPTION,TID_SNAIL,Buy,,,,,TapDecorationGeneric,,,,,,,,,TRUE,,,,,,,,,,,
Windmill,sc/icons_decos.sc,shop_icon_windmill,1,0,,sc/decos01_generic.sc,windmill,1,1,,,,,,,TID_WINDMILL_DESCRIPTION,TID_WINDMILL,Buy,,,,,TapDecorationGeneric,,,,,,,TRUE,,,,,,,,,,,,,
OldBike,sc/icons_decos.sc,shop_icon_old_bike,1,0,,sc/decos01_generic.sc,old_bike,2,1,,,,,,,TID_OLD_BIKE_DESCRIPTION,TID_OLD_BIKE,Buy,,,,,TapDecorationGeneric,,,,,,,,,TRUE,,,,,,,,,,,
TractorGift,sc/icons_decos.sc,shop_icon_tractor,1,0,,sc/decos01_generic.sc,tractor,3,2,,,,,,,TID_TRACTOR_DESCRIPTION,TID_TRACTOR,Buy,,,,,TapDecorationGeneric,,,,,,,TRUE,,,,,,,,,,,,,
,,,,,,,,,,,,,,,,,,,,,,,,,,,,,,,,,,,,,,,,,,,
PineTree_Big,sc/icons_decos.sc,shop_icon_deco_fir_big_01,28,0,,sc/decos01_generic.sc,deco_fir_big_01,1,1,,,Voucher3,2,,,TID_PINETREE_BIG_DESCRIPTION,TID_PINETREE_BIG,Buy,,TRUE,,,BigPineTap,TRUE,,100,,,TRUE,,,,,,,,,,,,,,
PineTree_Med,sc/icons_decos.sc,shop_icon_deco_fir_normal_01,28,0,,sc/decos01_generic.sc,deco_fir_medium_01,1,1,,,Voucher1,5,,,TID_PINETREE_MED_DESCRIPTION,TID_PINETREE_MED,Buy,,TRUE,,,BigPineTap,TRUE,,100,,,TRUE,,,,,,,,,,,,,,
PineTree_Small,sc/icons_decos.sc,shop_icon_deco_fir_small_01,25,0,,sc/decos01_generic.sc,deco_fir_small_01,1,1,6000,,,,1000,1,TID_PINETREE_SMALL_DESCRIPTION,TID_PINETREE_SMALL,Buy,,TRUE,,,BigPineTap,TRUE,,75,,,TRUE,,,,,,,,,,,,,,
LeafyTree_Big1,sc/icons_decos.sc,shop_icon_deco_leafy_big_01,28,0,,sc/decos01_generic.sc,deco_leafy_big_01,1,1,,,Voucher1,5,,,TID_LEAFYTREE_BIG1_DESCRIPTION,TID_LEAFYTREE_BIG1,Buy,,TRUE,,,BigPineTap,TRUE,,100,,,TRUE,,,,,,,,,,,,,,
LeafyTree_Big2,sc/icons_decos.sc,shop_icon_deco_leafy_big_02,28,0,,sc/decos01_generic.sc,deco_leafy_big_02,1,1,,,Voucher2,3,,,TID_LEAFYTREE_BIG2_DESCRIPTION,TID_LEAFYTREE_BIG2,Buy,,TRUE,,,BigPineTap,TRUE,,100,,,TRUE,,,,,,,,,,,,,,
LeafyTree_Small,sc/icons_decos.sc,shop_icon_deco_leafy_small_01,25,0,,sc/decos01_generic.sc,deco_leafy_small_01,1,1,6000,,,,1000,1,TID_LEAFYTREE_SMALL_DESCRIPTION,TID_LEAFYTREE_SMALL,Buy,,TRUE,,,BigPineTap,TRUE,,75,,,TRUE,,,,,,,,,,,,,,
,,,,,,,,,,,,,,,,,,,,,,,,,,,,,,,,,,,,,,,,,,,
Tractor,sc/icons_decos.sc,shop_icon_tractor,45,0,,sc/decos01_generic.sc,tractor,3,2,1500000,,,,250000,1,TID_TRACTOR_DESCRIPTION,TID_TRACTOR,Buy,,,,,TapDecorationGeneric,TRUE,,1000,,,,TRUE,,,,,,,,,,,,,
,,,,,,,,,,,,,,,,,,,,,,,,,,,,,,,,,,,,,,,,,,,
PicnicMat,sc/icons_decos.sc,shop_icon_picnic,1,0,,sc/decos01_generic.sc,picnic,1,1,,7,,,,,TID_DECO_PICNICMAT_DESCRIPTION,TID_DECO_PICNICMAT,Buy,,,,,TapDecorationGeneric,TRUE,,25,Summer,,,,,TRUE,,,,,,,,,,,
PoolWithSlide,sc/icons_decos.sc,shop_icon_poolwithslide,1,0,,sc/decos01_generic.sc,pool_with_slide,1,1,6000,,,,1000,1,TID_DECO_POOLWITHSLIDE_DESCRIPTION,TID_DECO_POOLWITHSLIDE,Buy,,,,,TapDecorationWater,TRUE,,25,Summer,,,,,TRUE,,,,,,,,,,,
StatueET,sc/icons_decos.sc,shop_icon_etstatue,43,0,,sc/decos01_generic.sc,et_statue,1,1,1000000,,,,250000,1,TID_DECO_STATUE_ET_DESCRIPTION,TID_DECO_STATUE_ET,Buy,,,,,TapDecorationGeneric,TRUE,,250,,,,,,TRUE,,,,,,,,,,,
StatueSinging,sc/icons_decos.sc,shop_icon_singingstatue,46,0,,sc/decos01_generic.sc,singing_statue,1,1,1250000,,,,250000,1,TID_DECO_STATUE_SINGING_DESCRIPTION,TID_DECO_STATUE_SINGING,Buy,,,,,TapDecorationGeneric,TRUE,,250,,,,,,TRUE,,,,,,,,,,,
StatueAlice,sc/icons_decos.sc,shop_icon_alicestatue,49,0,,sc/decos01_generic.sc,alice_statue,1,1,1500000,,,,250000,1,TID_DECO_STATUE_ALICE_DESCRIPTION,TID_DECO_STATUE_ALICE,Buy,,,,,TapDecorationGeneric,TRUE,,250,,,,,,TRUE,,,,,,,,,,,
StatueRocky,sc/icons_decos.sc,shop_icon_rockystatue,52,0,,sc/decos01_generic.sc,rocky_statue,1,1,1750000,,,,250000,1,TID_DECO_STATUE_ROCKY_DESCRIPTION,TID_DECO_STATUE_ROCKY,Buy,,,,,TapDecorationGeneric,TRUE,,250,,,,,,TRUE,,,,,,,,,,,
,,,,,,,,,,,,,,,,,,,,,,,,,,,,,,,,,,,,,,,,,,,
PearlOfTheSea,sc/icons_decos.sc,shop_icon_pearl_of_the_sea,1,0,,sc/decos01_generic.sc,pearl_of_the_sea,1,1,,999,,,,,TID_PEARLOFTHESEA_DESCRIPTION,TID_PEARLOFTHESEA,Buy,,,,,TapDecorationGeneric,,,,,TRUE,TRUE,,,,,,,,,,,,,,
,,,,,,,,,,,,,,,,,,,,,,,,,,,,,,,,,,,,,,,,,,,
HalloweenTombstone,sc/icons_decos.sc,shop_icon_tombstone_diamond,1,0,,sc/decos02_seasonal.sc,halloween_tombstone_diamond,1,1,,10,,,,,TID_DECO_HALLOWEEN_TOMBSTONE_DESC,TID_DECO_HALLOWEEN_TOMBSTONE,Buy,,,,,TapDecorationGeneric,TRUE,,25,Halloween,,,,,TRUE,,,,,,,,,,,
HalloweenPumpkintotem,sc/icons_decos.sc,shop_icon_pumpkin_tome,1,0,,sc/decos02_seasonal.sc,halloween_pumpkin_totem,1,1,5000,,,,1000,1,TID_DECO_HALLOWEEN_PUMPKINTOTEM_DESC,TID_DECO_HALLOWEEN_PUMPKINTOTEM,Buy,,,,,TapDecorationGeneric,TRUE,,25,Halloween,,,,,TRUE,,,,,,,,,,,
HalloweenCoffin,sc/icons_decos.sc,shop_icon_coffin,1,0,,sc/decos02_seasonal.sc,halloween_coffin,2,2,,999,,,,,TID_DECO_HALLOWEEN_COFFIN_DESC,TID_DECO_HALLOWEEN_COFFIN,Buy,,,,,TapDecorationGeneric,,,25,Halloween,,,,,TRUE,,,,,,,,,,,
HalloweenDeadTree,sc/icons_decos.sc,shop_icon_dead_tree,1,0,,sc/decos02_seasonal.sc,halloween_dead_tree,1,1,,40,,,,,TID_DECO_HALLOWEEN_DEAD_TREE_DESC,TID_DECO_HALLOWEEN_DEAD_TREE,Buy,,,,,TapDecorationGeneric,TRUE,,25,Halloween,,,,,TRUE,,,,,,,,,,,
HalloweenPumpkinLantern,sc/icons_decos.sc,shop_icon_pumpkin,1,0,,sc/decos02_seasonal.sc,halloween_pumpkin,1,1,2000,,,,500,1,TID_DECO_HALLOWEEN_PUMPKIN_DESC,TID_DECO_HALLOWEEN_PUMPKIN,Buy,,,,,TapDecorationGeneric,TRUE,,25,Halloween,,,,,TRUE,,,,,,,,,,,
HalloweenCauldron,sc/icons_decos.sc,shop_icon_cauldron,1,0,,sc/decos02_seasonal.sc,halloween_cauldron,1,1,,15,,,,,TID_DECO_HALLOWEEN_CAULDRON_DESC,TID_DECO_HALLOWEEN_CAULDRON,Buy,,,,,TapDecorationGeneric,TRUE,,25,Halloween,,,,,TRUE,,,,,,,,,,,
,,,,,,,,,,,,,,,,,,,,,,,,,,,,,,,,,,,,,,,,,,,
ChristmasSnowglobe,sc/icons_decos.sc,shop_icon_snowglobe,1,0,,sc/decos02_seasonal.sc,snowglobe,2,2,,110,,,,,TID_DECO_CHRISTMAS_BELL_DESC,TID_DECO_CHRISTMAS_SNOWGLOBE,Buy,,,,,TapDecorationXmas,TRUE,,25,Christmas,,,,,TRUE,,,11000,,,,,,,,
ChristmasLantern,sc/icons_decos.sc,shop_icon_snowball_lantern,1,0,,sc/decos02_seasonal.sc,snowball_lantern,1,1,,5,,,,,TID_DECO_CHRISTMAS_BELL_DESC,TID_DECO_CHRISTMAS_LANTERN,Buy,,,,,TapDecorationXmas,TRUE,,25,Christmas,,,,,TRUE,,,,,,,,,,,
ChristmasSledge,sc/icons_decos.sc,shop_icon_sledge,1,0,,sc/decos02_seasonal.sc,sledge,1,1,,90,,,,,TID_DECO_CHRISTMAS_SNOWGLOBE_DESC,TID_DECO_CHRISTMAS_SLEDGE,Buy,,,,,TapDecorationXmas,TRUE,,25,Christmas,,,,,TRUE,,,,,,,,,,,
NewYearTelescope,sc/icons_decos.sc,shop_icon_telescope,1,0,,sc/decos02_seasonal.sc,telescope,1,1,,90,,,,,TID_DECO_NEWYEAR_BALLOON_DESC,TID_DECO_NEWYEAR_TELESCOPE,Buy,,,,,TapDecorationGeneric,TRUE,,25,NewYear,,,,,TRUE,,,,,,,,,,,
NewYearBalloonPig,sc/icons_decos.sc,shop_icon_balloon_pig,1,0,,sc/decos01_generic.sc,balloon_pig,1,1,,12,,,,,TID_DECO_NEWYEAR_BALLOON_DESC,TID_DECO_NEWYEAR_BALLOON,Buy,,,,,TapDecorationGeneric,TRUE,,25,NewYear,,,,,TRUE,,,,,,,,,,,
ChristmasCarousel,sc/icons_decos.sc,shop_icon_carousel,1,0,,sc/decos02_seasonal.sc,carousel,2,2,,120,,,,,TID_DECO_CHRISTMAS_BELL_DESC,TID_DECO_CHRISTMAS_CAROUSEL,Buy,,,,,TapDecorationXmas,TRUE,,25,Christmas,,,,,TRUE,,,12000,,,,,,,,
ValentinesCupidStatue,sc/icons_decos.sc,shop_icon_valentines_day_cupid_statue,1,0,,sc/decos02_seasonal.sc,valentines_day_cupid_statue,1,1,,90,,,,,TID_DECO_GENERIC_DESCRIPTION,TID_DECO_VALENTINES_CUPID,Buy,,,,,TapDecorationGeneric,TRUE,,25,Valentines,,,,,TRUE,,,,,,,,,,,
BalloonCow,sc/icons_decos.sc,shop_icon_balloon_cow,1,0,,sc/decos01_generic.sc,balloon_cow,1,1,,12,,,,,TID_DECO_NEWYEAR_BALLOON_DESC,TID_DECO_BALLOON_COW,Buy,,,,,TapDecorationGeneric,TRUE,,25,NewYear,,,,,TRUE,,,,,,,,,,,
BalloonChicken,sc/icons_decos.sc,shop_icon_balloon_chicken,1,0,,sc/decos01_generic.sc,balloon_chicken,1,1,,12,,,,,TID_DECO_NEWYEAR_BALLOON_DESC,TID_DECO_BALLOON_CHICKEN,Buy,,,,,TapDecorationGeneric,TRUE,,25,NewYear,,,,,TRUE,,,,,,,,,,,
RoseArch,sc/icons_decos.sc,shop_icon_rose_arch,53,0,,sc/decos01_generic.sc,rose_arch,2,1,,,Voucher1,13,,,TID_DECO_GENERIC_DESCRIPTION,TID_DECO_ROSEARCH,Buy,,,,,TapDecorationGeneric,TRUE,,25,,,TRUE,,,TRUE,,,,,,,,,,,
,,,,,,,,,,,,Voucher4,2,,,,,,,,,,,,,,,,,,,,,,,,,,,,,,
EasterBasket,sc/icons_decos.sc,shop_icon_easterbasket,1,0,,sc/decos02_seasonal.sc,easter_basket,1,1,,45,,,,,TID_DECO_EASTER_DESCRIPTION,TID_DECO_EASTERBASKET,Buy,,,,,TapDecorationGeneric,TRUE,,25,Easter,,,,,TRUE,,,,,,,,,,,
StreetLight,sc/icons_decos.sc,shop_icon_streetlight,0,4,,sc/decos01_generic.sc,streetlight,1,1,1000,,,,100,1,TID_DECO_STREETLIGHT_DESC,TID_DECO_STREETLIGHT,Buy,,,,,TapDecorationGeneric,TRUE,,25,,,,,,TRUE,,,,,,,,,,,
LeafyPlant,sc/icons_decos.sc,shop_icon_leafyplant,0,6,,sc/decos01_generic.sc,leafy_plant,1,1,,,Voucher1,3,,,TID_DECO_LEAFYPLANT_DESC,TID_DECO_LEAFYPLANT,Buy,TRUE,,,,TapDecorationGeneric,TRUE,,25,,,TRUE,,,,,,,,,,,,,,
,,,,,,,,,,,,Voucher3,1,,,,,,,,,,,,,,,,,,,,,,,,,,,,,,
Hydrant,sc/icons_decos.sc,shop_icon_hydrant,0,7,,sc/decos01_generic.sc,hydrant,1,1,,7,,,,,TID_DECO_HYDRANT_DESC,TID_DECO_HYDRANT,Buy,,,,,TapDecorationGeneric,TRUE,,25,,,,,,TRUE,,,,,,,,,,,
MushroomHouse,sc/icons_decos.sc,shop_icon_gnome_mushroom_house,1,0,,sc/decos01_generic.sc,gnome_mushroom_house,1,1,,25,,,,,TID_DECO_GENERIC_DESCRIPTION,TID_DECO_MUSHROOM_HOUSE,Buy,,,,,TapDecorationGeneric,TRUE,,25,,,,,,TRUE,,,,,,,,,,,
Beachchair1,sc/icons_decos.sc,shop_icon_beachchair1,0,13,,sc/decos01_generic.sc,beach_chair_01,1,1,2000,,,,200,,TID_DECO_BEACHCHAIR1_DESC,TID_DECO_BEACHCHAIR1,Buy,,,,,TapDecorationGeneric,TRUE,,25,,,,,,TRUE,,,,,,,,,,,
Beachchair2,sc/icons_decos.sc,shop_icon_beachchair2,0,14,,sc/decos01_generic.sc,beach_chair_02,1,1,2000,,,,200,,TID_DECO_BEACHCHAIR2_DESC,TID_DECO_BEACHCHAIR2,Buy,,,,,TapDecorationGeneric,TRUE,,25,,,,,,TRUE,,,,,,,,,,,
Sandcastle,sc/icons_decos.sc,shop_icon_sandcastle,0,15,,sc/decos01_generic.sc,sandcastle,1,1,,,Voucher4,1,,,TID_DECO_SANDCASTLE_DESC,TID_DECO_SANDCASTLE,Buy,,,,,TapDecorationGeneric,TRUE,,25,,,,,,TRUE,,,,,,,,,,,
HalloweenGargoyle,sc/icons_decos.sc,shop_icon_gargoyle,1,0,,sc/decos02_seasonal.sc,halloween_gargoyle,1,1,,90,,,,,TID_DECO_HAUNTED_BIRDHOUSE_DESC,TID_DECO_GARGOYLE,Buy,,,,,TapDecorationGeneric,TRUE,,25,Halloween,,,,,TRUE,,,,,,,,,,,
HalloweenBirdhouse,sc/icons_decos.sc,shop_icon_birdhouse_3,1,0,,sc/decos02_seasonal.sc,halloween_birdhouse,1,1,,20,,,,,TID_DECO_HAUNTED_BIRDHOUSE_DESC,TID_DECO_HAUNTED_BIRDHOUSE,Buy,,TRUE,TRUE,,TapDecorationGeneric,TRUE,,25,Halloween,,,TRUE,,,,,,,,,,,,,
ChristmasBell,sc/icons_decos.sc,shop_icon_christmas_bell,1,0,,sc/decos02_seasonal.sc,christmas_bell,2,1,,90,,,,,TID_DECO_CHRISTMAS_BELL_DESC,TID_DECO_CHRISTMAS_BELL,Buy,,,,,TapDecorationXmas,TRUE,,25,Christmas,,,,,TRUE,,,,,,,,,,,
Snowgirl,sc/icons_decos.sc,shop_icon_snowgirl,1,0,,sc/decos02_seasonal.sc,snowgirl,1,1,,25,,,,,TID_DECO_CHRISTMAS_SNOWWOMAN_DESC,TID_DECO_CHRISTMAS_SNOWWOMAN,Buy,,,,,TapDecorationXmas,TRUE,,25,Christmas,,,,,TRUE,,,,,,,,,,,
Gramophone,sc/icons_decos.sc,shop_icon_gramophone,1,0,,sc/decos02_seasonal.sc,gramophone,1,1,,90,,,,,TID_DECO_GENERIC_DESCRIPTION,TID_DECO_NEWYEAR_GRAMOPHONE,Buy,,,,,TapDecorationGeneric,TRUE,,25,NewYear,,,,,TRUE,,,,,,,,,,,
GoldenWell,sc/icons_decos.sc,shop_icon_well_02,29,0,,sc/decos01_generic.sc,well_02,1,1,,59,,,,,TID_GOLDENWELL_DESCRIPTION,TID_GOLDENWELL,Buy,,,,,TapDecorationGeneric,TRUE,,25,,,,TRUE,,,,,5900,,,,,,,,
GoldenOuthouse,sc/icons_decos.sc,shop_icon_outhouse_02,30,0,,sc/decos01_generic.sc,outhouse_02,1,1,,49,,,,,TID_GOLDENOUTHOUSE_DESCRIPTION,TID_GOLDENOUTHOUSE,Buy,,,,,TapDecorationGeneric,TRUE,,25,,,,TRUE,,,,,,,,,,,,,
GoldenSwingset,sc/icons_decos.sc,shop_icon_swing_02,35,0,,sc/decos01_generic.sc,swing_02,2,1,,69,,,,,TID_GOLDENSWINGSET_DESCRIPTION,TID_GOLDENSWINGSET,Buy,,,,,TapDecorationGeneric,TRUE,,25,,,,,,TRUE,,,6900,,,,,,,,
EasterTree,sc/icons_decos.sc,shop_icon_easter_tree,1,0,,sc/decos02_seasonal.sc,easter_tree,1,1,,45,,,,,TID_DECO_EASTER_DESCRIPTION,TID_EASTERTREE,Buy,,,,,TapDecorationGeneric,TRUE,,25,Easter,,,,,TRUE,,,,,,,,,,,
MushroomLog,sc/icons_decos.sc,shop_icon_mushroom_log,26,0,,sc/decos01_generic.sc,mushroom_log,1,1,5500,,,,550,,TID_MUSHROOMLOG_DESCRIPTION,TID_MUSHROOMLOG,Buy,,,,,TapDecorationGeneric,TRUE,,25,,,TRUE,,,,,,,,,,,,,,
MossyRock,sc/icons_decos.sc,shop_icon_mossy_rock,24,0,,sc/decos01_generic.sc,mossy_rock,1,1,3500,,,,350,,TID_MOSSYROCK_DESCRIPTION,TID_MOSSYROCK,Buy,,,,,TapDecorationGeneric,TRUE,,25,,,TRUE,,,,,,,,,,,,,,
MonumentalRock,sc/icons_decos.sc,shop_icon_monumental_rock,0,10,,sc/decos01_generic.sc,monumental_rock,2,2,,,Voucher3,4,,,TID_MONUMENTALROCK_DESCRIPTION,TID_MONUMENTALROCK,Buy,,,,,TapDecorationGeneric,TRUE,,25,,,TRUE,,,,,,,,,,,,,,
,,,,,,,,,,,,Voucher4,4,,,,,,,,,,,,,,,,,,,,,,,,,,,,,,
FlowerWagon,sc/icons_decos.sc,shop_icon_flowerwagon,32,0,,sc/decos01_generic.sc,flowerwagon,1,2,,35,,,,,TID_DECO_GENERIC_DESCRIPTION,TID_FLOWER_WAGON,Buy,TRUE,,,,TapDecorationGeneric,TRUE,,25,,,TRUE,,,TRUE,,,,,,,,,,,
TulipShoes,sc/icons_decos.sc,shop_icon_tulipshoes,0,8,,sc/decos01_generic.sc,tulipshoes,1,1,,20,,,,,TID_MONUMENTALROCK_DESCRIPTION,TID_TULIP_SHOES,Buy,,,,,TapDecorationGeneric,TRUE,,25,,,TRUE,,,TRUE,,,,,,,,,,,
WhiteCarriage,sc/icons_decos.sc,shop_icon_whitecarriage,44,0,,sc/decos01_generic.sc,white_carriage,2,2,,130,,,,,TID_DECO_GENERIC_DESCRIPTION,TID_WHITE_CARRIAGE,Buy,,,,,TapDecorationGeneric,TRUE,,25,,,,TRUE,,,,,13000,,,,,,,,
HangingFlowers,sc/icons_decos.sc,shop_icon_hangingflower,0,9,,sc/decos01_generic.sc,hanging_flower,1,1,,,Voucher2,3,,,TID_MONUMENTALROCK_DESCRIPTION,TID_HANGING_FLOWERS,Buy,,,,,TapDecorationGeneric,TRUE,,25,,,TRUE,,,TRUE,,,,,,,,,,,
,,,,,,,,,,,,Voucher3,4,,,,,,,,,,,,,,,,,,,,,,,,,,,,,,
BirthdayCake,sc/icons_decos.sc,shop_icon_birthday_cake,1,0,,sc/decos02_seasonal.sc,birthday_cake,2,2,,90,,,,,TID_DECO_GENERIC_DESCRIPTION,TID_HAYDAY_BIRTHDAYCAKE,Buy,,,,,TapDecorationGeneric,TRUE,,25,,,,,,TRUE,TRUE,,,,,,,,,,
GoldenTree,sc/icons_decos.sc,shop_icon_lvl100,100,0,,sc/decos03_features.sc,lvl100_deco,2,2,,,,,,,TID_GOLDENTREE_DESCRIPTION,TID_GOLDENTREE,,,,,,TapDecorationGeneric,,,,,TRUE,TRUE,,,,,,,,,,,,,,
PinkVespa,sc/icons_decos.sc,shop_icon_pink_vespa,20,0,,sc/decos01_generic.sc,pink_vespa,1,2,,35,,,,,TID_DECO_GENERIC_DESCRIPTION,TID_PINKSCOOTER,Buy,,,,,TapDecorationGeneric,TRUE,,25,,TRUE,,,,TRUE,,,,,,,,,,,
GrassFenceS,sc/icons_decos.sc,shop_icon_derby_grassfence_small,20,0,,sc/decos03_features.sc,derby_deco_grassfence_small,2,1,,999,,,,,TID_DERBY_DECO_DESCRIPTION,TID_GRASSFENCES,,,,,,TapDecorationGeneric,,,,,TRUE,,TRUE,,,TRUE,,,,,,,,,,
GrassFenceL,sc/icons_decos.sc,shop_icon_derby_grassfence_big,23,0,,sc/decos03_features.sc,derby_deco_grassfence_big,2,1,,999,,,,,TID_DERBY_DECO_DESCRIPTION,TID_GRASSFENCEL,,,,,,TapDecorationGeneric,,,,,TRUE,,TRUE,,,TRUE,,,,,,,,,,
CrossFence,sc/icons_decos.sc,shop_icon_derby_xfence,30,0,,sc/decos03_features.sc,derby_deco_grassfence_x,2,1,,999,,,,,TID_DERBY_DECO_DESCRIPTION,TID_CROSSFENCE,,,,,,TapDecorationGeneric,,,,,TRUE,,TRUE,,,TRUE,,,,,,,,,,
WhiteFence,sc/icons_decos.sc,shop_icon_derby_whitefence,32,0,,sc/decos03_features.sc,derby_deco_whitefence,2,1,,999,,,,,TID_DERBY_DECO_DESCRIPTION,TID_WHITEFENCE,,,,,,TapDecorationGeneric,,,,,TRUE,,TRUE,,,TRUE,,,,,,,,,,
HayFence,sc/icons_decos.sc,shop_icon_derby_hayfence,17,0,,sc/decos03_features.sc,derby_deco_haybalefence,2,1,,999,,,,,TID_DERBY_DECO_DESCRIPTION,TID_HAYFENCE,,,,,,TapDecorationGeneric,,,,,TRUE,,TRUE,,,TRUE,,,,,,,,,,
RockingHorse,sc/icons_decos.sc,shop_icon_rocking_horse,18,0,,sc/decos01_generic.sc,rocking_horse,1,1,,999,,,,,TID_DERBY_DECO_DESCRIPTION,TID_ROCKINGHORSE,,,,,,TapDecorationGeneric,,,,,TRUE,,,,TRUE,TRUE,,,,,,,,,,
LaundryTub,sc/icons_decos.sc,shop_icon_washing_board,16,0,,sc/decos01_generic.sc,washing_board,1,1,2000,,,,200,1,TID_DECO_GENERIC_DESCRIPTION,TID_WASHINGBUCKET,Buy,,,,,TapDecorationGeneric,TRUE,,25,,,,TRUE,,,,,,,,,,,,,
HorseTopiary,sc/icons_decos.sc,shop_icon_derby_horsetopiary,27,0,,sc/decos03_features.sc,derby_horse_topiary,2,2,,999,,,,,TID_DERBY_DECO_DESCRIPTION,TID_HORSETOPIARY,,,,,,TapDecorationGeneric,,,,,TRUE,,,,TRUE,TRUE,,,,,,,,,,
FlowerTire,sc/icons_decos.sc,shop_icon_flowertire,23,0,,sc/decos01_generic.sc,flowertire,1,1,4000,,,,400,1,TID_DECO_GENERIC_DESCRIPTION,TID_TRACTORTIREROSES,Buy,TRUE,,,,TapDecorationGeneric,TRUE,,25,,,TRUE,,,TRUE,,,,,,,,,,,
OpenGrave,sc/icons_decos.sc,shop_icon_open_grave,1,0,,sc/decos02_seasonal.sc,open_grave,2,2,,90,,,,,TID_DECO_HAUNTED_BIRDHOUSE_DESC,TID_OPENGRAVE,Buy,,,,,TapDecorationGeneric,TRUE,,25,Halloween,,,,,TRUE,,,,,,,,,,,
SpookyPumpkin,sc/icons_decos.sc,shop_icon_pumpkinhouse,1,0,,sc/decos02_seasonal.sc,pumpkinhouse,1,1,,25,,,,,TID_DECO_HAUNTED_BIRDHOUSE_DESC,TID_SPOOKYPUMPKIN,Buy,,,,,TapDecorationGeneric,TRUE,,25,Halloween,,,,,TRUE,,,,,,,,,,,
SpookyPlant,sc/icons_decos.sc,shop_icon_flesh_eating_plant,1,0,,sc/decos02_seasonal.sc,flesh_eating_plant,1,1,,50,,,,,TID_DECO_HAUNTED_BIRDHOUSE_DESC,TID_SPOOKYPLANT,Buy,,,,,TapDecorationGeneric,TRUE,,25,Halloween,,,,,TRUE,,,,,,,,,,,
DerbyTrophy1,sc/icons_decos.sc,shop_icon_derby_league_trophy_01,1,0,,sc/decos03_features.sc,derby_league_trophy_deco_01,1,1,,999,,,,,TID_DERBYTROPHY_DESC,TID_DERBYTROPHY1,,,,,,TapDecorationGeneric,,,,,TRUE,,TRUE,,,,,,,,,,,,,
DerbyTrophy2,sc/icons_decos.sc,shop_icon_derby_league_trophy_02,1,0,,sc/decos03_features.sc,derby_league_trophy_deco_02,1,1,,999,,,,,TID_DERBYTROPHY_DESC,TID_DERBYTROPHY2,,,,,,TapDecorationGeneric,,,,,TRUE,,TRUE,,,,,,,,,,,,,
DerbyTrophy3,sc/icons_decos.sc,shop_icon_derby_league_trophy_03,1,0,,sc/decos03_features.sc,derby_league_trophy_deco_03,1,1,,999,,,,,TID_DERBYTROPHY_DESC,TID_DERBYTROPHY3,,,,,,TapDecorationGeneric,,,,,TRUE,,TRUE,,,,,,,,,,,,,
Tuba,sc/icons_decos.sc,shop_icon_tuba,1,0,,sc/decos01_generic.sc,instrument_tuba,1,1,,25,,,,,TID_DECO_GENERIC_DESCRIPTION,TID_DECO_TUBA,Buy,,,,,TapDecorationGeneric,TRUE,,25,,,,,,TRUE,TRUE,,,,,,,,,,
Guitar,sc/icons_decos.sc,shop_icon_guitar,1,0,,sc/decos01_generic.sc,instrument_guitar,1,1,,25,,,,,TID_DECO_GENERIC_DESCRIPTION,TID_DECO_GUITAR,Buy,,,,,TapDecorationGeneric,TRUE,,25,,,,,,TRUE,TRUE,,,,,,,,,,
Cello,sc/icons_decos.sc,shop_icon_cello,1,0,,sc/decos01_generic.sc,instrument_cello,1,1,,25,,,,,TID_DECO_GENERIC_DESCRIPTION,TID_DECO_CELLO,Buy,,,,,TapDecorationGeneric,TRUE,,25,,,,,,TRUE,TRUE,,,,,,,,,,
Saxophone,sc/icons_decos.sc,shop_icon_sax,1,0,,sc/decos01_generic.sc,instrument_sax,1,1,,25,,,,,TID_DECO_GENERIC_DESCRIPTION,TID_DECO_SAX,Buy,,,,,TapDecorationGeneric,TRUE,,25,,,,,,TRUE,TRUE,,,,,,,,,,
Harp,sc/icons_decos.sc,shop_icon_harp,1,0,,sc/decos01_generic.sc,instrument_harp,1,1,,25,,,,,TID_DECO_GENERIC_DESCRIPTION,TID_DECO_HARP,Buy,,,,,TapDecorationGeneric,TRUE,,25,,,,,,TRUE,TRUE,,,,,,,,,,
Accordion,sc/icons_decos.sc,shop_icon_akkordeon,1,0,,sc/decos01_generic.sc,instrument_akkordeon,1,1,,25,,,,,TID_DECO_GENERIC_DESCRIPTION,TID_DECO_ACCORDION,Buy,,,,,TapDecorationGeneric,TRUE,,25,,,,,,TRUE,TRUE,,,,,,,,,,
Reindeer1,sc/icons_decos.sc,shop_icon_reindeer01,1,0,,sc/decos02_seasonal.sc,reindeer01,1,1,,50,,,,,TID_DECO_CHRISTMAS_BELL_DESC,TID_CHRISTMAS_DECO_REINDEER1,Buy,,,,,TapDecorationXmas,TRUE,,25,Christmas,,,,,TRUE,,,,,,,,,,,
Reindeer2,sc/icons_decos.sc,shop_icon_reindeer02,1,0,,sc/decos02_seasonal.sc,reindeer02,1,1,,50,,,,,TID_DECO_CHRISTMAS_BELL_DESC,TID_CHRISTMAS_DECO_REINDEER2,Buy,,,,,TapDecorationXmas,TRUE,,25,Christmas,,,,,TRUE,,,,,,,,,,,
ShinyReindeer,sc/icons_decos.sc,shop_icon_reindeer03,1,0,,sc/decos02_seasonal.sc,reindeer03,1,1,,70,,,,,TID_DECO_CHRISTMAS_BELL_DESC,TID_CHRISTMAS_DECO_REINDEER3,Buy,,,,,TapDecorationXmas,TRUE,,25,Christmas,,,,,TRUE,,,7000,,,,,,,,
Sleigh,sc/icons_decos.sc,shop_icon_sleigh01,1,0,,sc/decos02_seasonal.sc,sleigh01,2,2,,90,,,,,TID_DECO_CHRISTMAS_BELL_DESC,TID_CHRISTMAS_DECO_SLEIGH,Buy,,,,,TapDecorationXmas,TRUE,,25,Christmas,,,,,TRUE,,,,,,,,,,,
Typewriter,sc/icons_decos.sc,shop_icon_typewriter,1,0,,sc/decos02_seasonal.sc,typewriter,1,1,,90,,,,,TID_DECO_NEWYEAR_BALLOON_DESC,TID_NEWYEARS_DECO_TYPEWRITER,Buy,,,,,TapDecorationGeneric,TRUE,,25,NewYear,,,,,TRUE,,,9000,,,,,,,,
ValentinesBalloons,sc/icons_decos.sc,shop_icon_valentines_wagon,1,0,,sc/decos02_seasonal.sc,valentines_day_wagon,1,1,,90,,,,,TID_DECO_VALENTINES_CUPID_DESCRIPTION,TID_BALLOONHEARTS,Buy,,,,,TapDecorationGeneric,TRUE,,25,Valentines,,,,,TRUE,,,,,,,,,,,
GardenTorch,sc/icons_decos.sc,shop_icon_torch,1,0,,sc/decos01_generic.sc,bamboo_torch,1,1,,8,,,,,TID_DECO_GENERIC_DESCRIPTION,TID_GARDENTORCH,Buy,,,,,TapDecorationGeneric,TRUE,,25,,,,,,TRUE,,,,,,,,,,,
LushFern,sc/icons_decos.sc,shop_icon_fern,1,0,,sc/decos01_generic.sc,fern,1,1,,10,,,,,TID_DECO_GENERIC_DESCRIPTION,TID_LUSHFERN,Buy,,,,,TapDecorationGeneric,TRUE,,25,,,TRUE,,,,,,,,,,,,,,
BlueHydrangeas,sc/icons_decos.sc,shop_icon_hydrangea2,1,0,,sc/decos01_generic.sc,hydrangea2,1,1,,10,,,,,TID_DECO_GENERIC_DESCRIPTION,TID_HYDRANGEAS,Buy,TRUE,,,,TapDecorationGeneric,TRUE,,25,,,TRUE,,,,,,,,,,,,,,
ColorfulHydrangeas,sc/icons_decos.sc,shop_icon_hydrangea1,1,0,,sc/decos01_generic.sc,hydrangea1,1,1,,10,,,,,TID_DECO_GENERIC_DESCRIPTION,TID_COLORFULHYDRANGEAS,Buy,TRUE,,,,TapDecorationGeneric,TRUE,,25,,,TRUE,,,,,,,,,,,,,,
FrogKingShop,sc/icons_decos.sc,shop_icon_frog_king,15,0,,sc/decos01_generic.sc,frog_king,1,1,1500,,,,150,1,TID_FROGKING_DESCRIPTION,TID_FROGKING,Buy,,,,,TapDecorationGeneric,TRUE,,25,,,,,,TRUE,,,,,,,,,,,
TortoiseShop,sc/icons_decos.sc,shop_icon_tortoise,13,0,,sc/decos01_generic.sc,tortoise,1,1,,20,,,,,TID_TORTOISE_DESCRIPTION,TID_TORTOISE,Buy,,,,,TapDecorationGeneric,TRUE,,25,,,,,,TRUE,,,,,,,,,,,
GardenBoyStatueShop,sc/icons_decos.sc,shop_icon_garden_boy_statue,21,0,,sc/decos01_generic.sc,garden_boy_statue,2,2,,45,,,,,TID_GARDENBOYSTATUE_DESCRIPTION,TID_GARDENBOYSTATUE,Buy,,,,,TapDecorationWater,TRUE,,25,,,,,,TRUE,,,,,,,,,,,
SnailShop,sc/icons_decos.sc,shop_icon_snail,21,0,,sc/decos01_generic.sc,snail,1,1,1500,,,,150,1,TID_SNAIL_DESCRIPTION,TID_SNAIL,Buy,,,,,TapDecorationGeneric,TRUE,,25,,,,,,TRUE,,,,,,,,,,,
WindmillShop,sc/icons_decos.sc,shop_icon_windmill,24,0,,sc/decos01_generic.sc,windmill,1,1,,35,,,,,TID_WINDMILL_DESCRIPTION,TID_WINDMILL,Buy,,,,,TapDecorationGeneric,TRUE,,25,,,,TRUE,,,,,,,,,,,,,
OldBikeShop,sc/icons_decos.sc,shop_icon_old_bike,26,0,,sc/decos01_generic.sc,old_bike,2,1,,35,,,,,TID_OLD_BIKE_DESCRIPTION,TID_OLD_BIKE,Buy,,,,,TapDecorationGeneric,TRUE,,25,,,,,,TRUE,,,,,,,,,,,
,,,,,,,,,,,,,,,,,,,,,,,,,,,,,,,,,,,,,,,,,,,
PineTree_SmallGift,sc/icons_decos.sc,shop_icon_deco_fir_small_01,1,0,,sc/decos01_generic.sc,deco_fir_small_01,1,1,,,,,,,TID_PINETREE_SMALL_DESCRIPTION,TID_PINETREE_SMALL,Buy,,TRUE,,,BigPineTap,,,,,,TRUE,,,,,,,,,,,,,,
LeafyTree_SmallGift,sc/icons_decos.sc,shop_icon_deco_leafy_small_01,1,0,,sc/decos01_generic.sc,deco_leafy_small_01,1,1,,,,,,,TID_LEAFYTREE_SMALL_DESCRIPTION,TID_LEAFYTREE_SMALL,Buy,,TRUE,,,BigPineTap,,,,,,TRUE,,,,,,,,,,,,,,
,,,,,,,,,,,,,,,,,,,,,,,,,,,,,,,,,,,,,,,,,,,
HorseShoeStatue,sc/icons_decos.sc,shop_icon_horse_shoe_statue,1,0,,sc/decos03_features.sc,horse_shoe_statue,1,1,,999,,,,,TID_DERBY_DECO_DESCRIPTION,TID_HORSESHOESTATUE,,,,,,TapDecorationGeneric,,,,,TRUE,,TRUE,,,,,,,,,,,,,
,,,,,,,,,,,,,,,,,,,,,,,,,,,,,,,,,,,,,,,,,,,
StoneLantern,sc/icons_decos.sc,shop_icon_japanese_lantern,0,3,,sc/decos01_generic.sc,japanese_lantern,1,1,,,Voucher1,15,,,TID_DECO_GENERICTOWN_DESCRIPTION,TID_DECO_STONELANTERN,Buy,,,,,TapDecorationGeneric,TRUE,,25,,,,,,TRUE,,,,,,,,,,,
,,,,,,,,,,,,Voucher3,2,,,,,,,,,,,,,,,,,,,,,,,,,,,,,,
ChickNest,sc/icons_decos.sc,shop_icon_easter_chicknest,1,0,,sc/decos02_seasonal.sc,easter_chicknest,1,1,,35,,,,,TID_DECO_EASTER_DESCRIPTION,TID_DECO_CHICKNEST,Buy,,,,,TapDecorationGeneric,TRUE,,25,Easter,,,,,TRUE,TRUE,,,,,,,,,,
ChocoBunny,sc/icons_decos.sc,shop_icon_easter_bunny_egg,1,0,,sc/decos02_seasonal.sc,easter_bunny_egg,1,1,,90,,,,,TID_DECO_EASTERUNIQUE_DESCRIPTION,TID_DECO_CHOCOBUNNY,Buy,,,,,TapDecorationGeneric,TRUE,,25,Easter,,,,,TRUE,TRUE,,,,,,,,,,
Narcissus,sc/icons_decos.sc,shop_icon_easter_narcissuses,1,0,,sc/decos02_seasonal.sc,easter_narcissuses,1,1,1500,,,,150,1,TID_DECO_GENERICFARM_DESCRIPTION,TID_DECO_EASTERFLOWERS,Buy,TRUE,,,,TapDecorationGeneric,TRUE,,25,,,TRUE,,,,TRUE,,,,,,,,,,
BonsaiTree,sc/icons_decos.sc,shop_icon_bonsai_tree,22,0,,sc/decos01_generic.sc,bonsai_tree,1,1,,25,,,,,TID_DECO_GENERICFARM_DESCRIPTION,TID_DECO_BONSAITREE,Buy,,,,,TapDecorationGeneric,TRUE,,25,,,TRUE,,,TRUE,,,,,,,,,,,
BigGate,sc/icons_decos.sc,shop_icon_big_gate,0,5,,sc/decos01_generic.sc,big_gate,1,2,10000,,,,1000,1,TID_DECO_GENERICTOWN_DESCRIPTION,TID_DECO_BIGGATE,Buy,,,,,TapDecorationGeneric,TRUE,,25,,,,,,TRUE,,,,,,,,,,,
LuckyCat,sc/icons_decos.sc,shop_icon_lucky_cat,27,0,,sc/decos01_generic.sc,lucky_cat,1,1,,35,,,,,TID_DECO_GENERICFARM_DESCRIPTION,TID_DECO_LUCKYCAT,Buy,,,,,TapDecorationGeneric,TRUE,,25,,,,,,TRUE,,,,,,,,,,,
BambooFountain,sc/icons_decos.sc,shop_icon_tsukubai,0,3,,sc/decos01_generic.sc,tsukubai,2,1,,25,,,,,TID_DECO_GENERICTOWN_DESCRIPTION,TID_DECO_BAMBOOFOUNTAIN,Buy,,,,,TapDecorationGeneric,TRUE,,25,,,,,,TRUE,,,,,,,,,,,
PandaStatue,sc/icons_decos.sc,shop_icon_panda_statue,1,0,-1,sc/decos01_generic.sc,panda,1,1,,90,,,,,TID_DECO_GENERICFARM_DESCRIPTION,TID_DECO_PANDASTATUE,Buy,,,,,TapDecorationGeneric,TRUE,,25,,,,,,TRUE,TRUE,,,,,,,,,,
ChocoFountain,sc/icons_decos.sc,shop_icon_chocolate_fountain,1,0,,sc/decos02_seasonal.sc,chocolate_fountain,2,2,,999,,,,,TID_DECO_BIRTHDAY_DESC,TID_DECO_CHOCOFOUNTAIN,Buy,,,,,TapDecorationGeneric,,,,,TRUE,,,,TRUE,TRUE,,,,,,,,,,
Balloons,sc/icons_decos.sc,shop_icon_3balloons,1,0,,sc/decos02_seasonal.sc,3balloons,1,1,,,Voucher2,10,,,TID_DECO_BIRTHDAY_DESC,TID_DECO_BALLOONS,Buy,,,,,TapDecorationGeneric,,,25,,,,,,TRUE,TRUE,,5000,,,,,,,,
BouncyCastle,sc/icons_decos.sc,shop_icon_bouncy_castle,1,0,,sc/decos02_seasonal.sc,bouncy_castle,1,1,,90,,,,,TID_DECO_BIRTHDAY_DESC,TID_DECO_BOUNCYCASTLE,Buy,,,,,TapDecorationGeneric,,,25,,,,,,TRUE,TRUE,,13000,,,,,,,,
Pinata,sc/icons_decos.sc,shop_icon_pinata2,1,0,,sc/decos02_seasonal.sc,pinata2,1,1,,90,,,,,TID_DECO_BIRTHDAY_DESC,TID_DECO_PINATA,Buy,,,,,TapDecorationGeneric,,,25,,,,,,TRUE,TRUE,,9000,,,,,,,,
TrumpetTree,sc/icons_decos.sc,shop_icon_trumpet_tree,1,0,,sc/decos01_generic.sc,deco_trumpet_tree,1,1,,999,,,,,TID_DECO_GENERICFARM_DESCRIPTION,TID_DECO_TRUMPETTREE,Buy,,,,,TapDecorationGeneric,,,,,,TRUE,,,,TRUE,,10000,,,,,,,,
WisteriaTree,sc/icons_decos.sc,shop_icon_wisteria_tree,1,0,,sc/decos01_generic.sc,deco_wisteria_tree,1,1,,999,,,,,TID_DECO_GENERICFARM_DESCRIPTION,TID_DECO_WISTERIATREE,Buy,,,,,TapDecorationGeneric,,,,,,TRUE,,,,TRUE,,10000,,,,,,,,
PoincianaTree,sc/icons_decos.sc,shop_icon_poinciana_tree,1,0,,sc/decos01_generic.sc,deco_poinciana_tree,1,1,,999,,,,,TID_DECO_GENERICFARM_DESCRIPTION,TID_DECO_POINCIANATREE,Buy,,,,,TapDecorationGeneric,,,,,,TRUE,,,,TRUE,,10000,,,,,,,,
ElephantStatue,sc/icons_decos.sc,shop_icon_elephant,1,0,,sc/decos01_generic.sc,elephant,1,1,,999,,,,,TID_DECO_GENERICFARM_DESCRIPTION,TID_DECO_ELEPHANTSTATUE,Buy,,,,,TapDecorationGeneric,,,,,,,,,TRUE,,,9000,,,,,,,,
GorillaStatue,sc/icons_decos.sc,shop_icon_gorilla,1,0,,sc/decos01_generic.sc,gorilla,1,1,,999,,,,,TID_DECO_GENERICFARM_DESCRIPTION,TID_DECO_GORILLASTATUE,Buy,,,,,TapDecorationGeneric,,,,,,,,,TRUE,,,9000,,,,,,,,
RhinoStatue,sc/icons_decos.sc,shop_icon_rhino,1,0,,sc/decos01_generic.sc,rhino,1,1,,999,,,,,TID_DECO_GENERICFARM_DESCRIPTION,TID_DECO_RHINOSTATUE,Buy,,,,,TapDecorationGeneric,,,,,,,,,TRUE,,,9000,,,,,,,,
AnimalsStatue,sc/icons_decos.sc,shop_icon_hardcore_statue,1,0,,sc/decos01_generic.sc,hardcore_statue,1,1,,999,,,,,TID_DECO_2YEARS_DESCRIPTION,TID_DECO_2YEARS,Buy,,,,,TapDecorationGeneric,,,,,TRUE,,,,TRUE,,,,,,,,,,,
BronzePlaque,sc/icons_decos.sc,shop_icon_derby_bronzeplacard,1,0,,sc/decos03_features.sc,derby_deco_bronzeplacard,1,1,,999,,,,,TID_DERBY_DECO_DESCRIPTION,TID_DECO_DERBY_PLAQUE1,Buy,,,,,TapDecorationGeneric,,,,,TRUE,,,,TRUE,,,,,,,,,,,
SilverPlaque,sc/icons_decos.sc,shop_icon_derby_silverplacard,1,0,,sc/decos03_features.sc,derby_deco_silverplacard,1,1,,999,,,,,TID_DERBY_DECO_DESCRIPTION,TID_DECO_DERBY_PLAQUE2,Buy,,,,,TapDecorationGeneric,,,,,TRUE,,,,TRUE,,,,,,,,,,,
GoldPlaque,sc/icons_decos.sc,shop_icon_derby_goldplacard,1,0,,sc/decos03_features.sc,derby_deco_goldplacard,1,1,,999,,,,,TID_DERBY_DECO_DESCRIPTION,TID_DECO_DERBY_PLAQUE3,Buy,,,,,TapDecorationGeneric,,,,,TRUE,,,,TRUE,,,,,,,,,,,
PinkBanner,sc/icons_decos.sc,shop_icon_derby_pinkbanner,1,0,,sc/decos03_features.sc,derby_deco_pinkbanner,1,1,,999,,,,,TID_DERBY_DECO_DESCRIPTION,TID_DECO_DERBY_BANNER1,Buy,,,,,TapDecorationGeneric,,,,,TRUE,,TRUE,,,,,,,,,,,,,
CheckeredBanner,sc/icons_decos.sc,shop_icon_derby_checkeredbanner,1,0,,sc/decos03_features.sc,derby_deco_checkeredbanner,1,1,,999,,,,,TID_DERBY_DECO_DESCRIPTION,TID_DECO_DERBY_BANNER2,Buy,,,,,TapDecorationGeneric,,,,,TRUE,,TRUE,,,,,,,,,,,,,
PurpleBanner,sc/icons_decos.sc,shop_icon_derby_purplebanner,1,0,,sc/decos03_features.sc,derby_deco_purplebanner,1,1,,999,,,,,TID_DERBY_DECO_DESCRIPTION,TID_DECO_DERBY_BANNER3,Buy,,,,,TapDecorationGeneric,,,,,TRUE,,TRUE,,,,,,,,,,,,,
DerbySaddles,sc/icons_decos.sc,shop_icon_derby_saddles,1,0,,sc/decos03_features.sc,derby_deco_saddles,1,1,,999,,,,,TID_DERBY_DECO_DESCRIPTION,TID_DECO_DERBY_SADDLES,Buy,,,,,TapDecorationGeneric,,,,,TRUE,,TRUE,,,,,,,,,,,,,
DerbyTrough,sc/icons_decos.sc,shop_icon_derby_trough,1,0,,sc/decos03_features.sc,derby_deco_trough,1,1,,999,,,,,TID_DERBY_DECO_DESCRIPTION,TID_DECO_DERBY_TROUGH,Buy,,,,,TapDecorationGeneric,,,,,TRUE,,TRUE,,,,,,,,,,,,,
HeroStatue,sc/icons_decos.sc,shop_icon_red_statue,1,0,-1,sc/decos01_generic.sc,red_statue_main,1,1,,90,,,,,TID_DECO_GENERICFARM_DESCRIPTION,TID_DECO_HEROWICKER,Buy,,,,,TapDecorationGeneric,TRUE,,25,,,,,,TRUE,,,,,,,,,,,
Gingerbread Man,sc/icons_decos.sc,shop_icon_gingerbread_man,1,0,1,sc/decos02_seasonal.sc,gingerbread_man,1,1,,10,,,,,TID_DECO_CHRISTMAS_BELL_DESC,TID_GINGERBREADMAN,Buy,,,,,TapDecorationXmas,TRUE,,25,Christmas,,,,,TRUE,,,,,,,,,,,
Gingerbread Lady,sc/icons_decos.sc,shop_icon_gingerbread_lady,1,0,1,sc/decos02_seasonal.sc,gingerbread_lady,1,1,,10,,,,,TID_DECO_CHRISTMAS_BELL_DESC,TID_GINGERBREADWOMAN,Buy,,,,,TapDecorationXmas,TRUE,,25,Christmas,,,,,TRUE,,,,,,,,,,,
Gingerbread House,sc/icons_decos.sc,shop_icon_gingerbread_house,1,0,1,sc/decos02_seasonal.sc,gingerbread_house,2,2,,90,,,,,TID_DECO_CHRISTMAS_BELL_DESC,TID_GINGERBREADHOUSE,Buy,,,,,TapDecorationXmas,TRUE,,25,Christmas,TRUE,,,,TRUE,,,,,,,,,,,
Winter Arch,sc/icons_decos.sc,shop_icon_winter_arch,1,0,1,sc/decos02_seasonal.sc,winter_arch,1,2,,,Voucher2,15,,,TID_DECO_CHRISTMAS_BELL_DESC,TID_WINTERARCH,Buy,,,,,TapDecorationXmas,TRUE,,25,Christmas,,,,,TRUE,,,,,,,,,,,
,,,,,,,,,,,,Voucher4,2,,,,,,,,,,,,,,,,,,,,,,,,,,,,,,
Winter Lantern,sc/icons_decos.sc,shop_icon_winter_lantern,1,0,1,sc/decos02_seasonal.sc,winter_lantern,1,1,2500,,,,250,1,TID_DECO_CHRISTMAS_BELL_DESC,TID_WINTERLANTERN,Buy,,,,,TapDecorationXmas,TRUE,,25,Christmas,,,,,TRUE,,,,,,,,,,,
Candycane Bench,sc/icons_decos.sc,shop_icon_candycane_bench,1,0,1,sc/decos02_seasonal.sc,candycane_bench,1,2,,,Voucher1,30,,,TID_DECO_CHRISTMAS_BELL_DESC,TID_CANDYBENCH,Buy,,,,,TapDecorationXmas,TRUE,,25,Christmas,,,,,TRUE,,,,,,,,,,,
,,,,,,,,,,,,Voucher3,2,,,,,,,,,,,,,,,,,,,,,,,,,,,,,,
Fireworks,sc/icons_decos.sc,shop_icon_firework,1,0,2,sc/decos02_seasonal.sc,deco_yellow_firework,1,1,,999,,,,,TID_DECO_NEWYEAR_GRAMOPHONE_DESC,TID_FIREWORKSBARREL,,,,,,,,,,NewYear,TRUE,,,,TRUE,,,,,,,,,,,
CNYRooster,sc/icons_decos.sc,shop_icon_rooster_statue,1,0,-1,sc/decos02_seasonal.sc,rooster_statue,2,2,,999,,,,,TID_CNY_DECO_DESC,TID_CNY_ROOSTER,,,,,,,,,,ChineseNewYear,TRUE,,,,TRUE,,,,,,,,,,,
CNYGate,sc/icons_decos.sc,shop_icon_moongate,1,0,-1,sc/decos02_seasonal.sc,moongate,1,2,,999,,,,,TID_CNY_DECO_DESC,TID_CNY_GATE,,,,,,,,,,ChineseNewYear,TRUE,,,,TRUE,,,,,,,,,,,
Flower_Bucket_yellow,sc/icons_decos.sc,shop_icon_bucket_yellow,1,0,,sc/decos01_generic.sc,flower_bucket_yellow,1,1,,,Voucher1,10,,,TID_DECO_GENERICFARM_DESCRIPTION,TID_DECO_FLOWER_BUCKET2,Buy,,,,,TapDecorationGeneric,TRUE,,25,,,TRUE,,,,,,,,,,,,,,
,,,,,,,,,,,,Voucher4,2,,,,,,,,,,,,,,,,,,,,,,,,,,,,,,
Flower_Bucket_blue,sc/icons_decos.sc,shop_icon_bucket_blue,1,0,,sc/decos01_generic.sc,flower_bucket_blue,1,1,,,Voucher2,8,,,TID_DECO_GENERICFARM_DESCRIPTION,TID_DECO_FLOWER_BUCKET1,Buy,,,,,TapDecorationGeneric,TRUE,,25,,,TRUE,,,,,,,,,,,,,,
,,,,,,,,,,,,Voucher3,4,,,,,,,,,,,,,,,,,,,,,,,,,,,,,,
Balloon_Bench,sc/icons_decos.sc,shop_icon_balloon_bench,1,0,,sc/decos02_seasonal.sc,balloon_bench,2,1,,999,,,,,TID_DECO_DESC_UNIQUE,TID_DECO_BALLOON_BENCH,Buy,,,,,TapDecorationGeneric,,,,,TRUE,,,,TRUE,,,,,,,,,,,
Barrel_Table,sc/icons_decos.sc,shop_icon_barrel_table,1,0,,sc/decos01_generic.sc,barrel_table,1,1,,999,,,,,TID_DECO_DESC_UNIQUE,TID_DECO_BARREL_TABLE,Buy,,,,,TapDecorationGeneric,,,,,TRUE,,,,TRUE,,,,,,,,,,,
Wooden_Placard,sc/icons_decos.sc,shop_icon_wooden_placard,1,0,,sc/decos02_seasonal.sc,wooden_placard,2,1,,999,,,,,TID_DECO_DESC_UNIQUE,TID_DECO_WOODEN_SIGN,Buy,,,,,TapDecorationGeneric,,,,,TRUE,,,,TRUE,,,,,,,,,,,
White_Chair,sc/icons_decos.sc,shop_icon_white_chair,1,0,,sc/decos02_seasonal.sc,white_chair,1,1,5000,,,,500,1,TID_DECO_GENERICFARM_DESCRIPTION,TID_DECO_WHITE_CHAIR,Buy,,,,,TapDecorationGeneric,TRUE,,25,,TRUE,,,,TRUE,,,,,,,,,,,
Banquette,sc/icons_decos.sc,shop_icon_banquette,1,0,,sc/decos02_seasonal.sc,banquette,3,1,,999,,,,,TID_DECO_DESC_UNIQUE,TID_DECO_PARTY_BANQUET,Buy,,,,,TapDecorationGeneric,,,,,TRUE,,,,TRUE,,,,,,,,,,,
Swing_Tree,sc/icons_decos.sc,shop_icon_oak_tree,1,0,,sc/decos01_generic.sc,oak_tree,2,1,,999,,,,,TID_DECO_DESC_UNIQUE,TID_DECO_SWING_TREE,Buy,,,,,TapDecorationGeneric,,,,,TRUE,TRUE,,,,,,,,,,,,,,
Purple_lights_tree,sc/icons_decos.sc,shop_icon_deco_purple_tree_lights,1,0,,sc/decos01_generic.sc,deco_purple_tree_lights,1,1,,999,,,,,TID_DECO_DESC_UNIQUE,TID_DECO_SPARKLING_TREE,Buy,,,,,TapDecorationGeneric,,,,,,TRUE,,,,,,,,,,,,,,
Green_lights_tree,sc/icons_decos.sc,shop_icon_festive_tree_lights,1,0,,sc/decos01_generic.sc,deco_festive_tree_lights,1,1,,999,,,,,TID_DECO_DESC_UNIQUE,TID_DECO_FESTIVE_TREE,Buy,,,,,TapDecorationGeneric,,,,,,TRUE,,,,,,,,,,,,,,
Easter_flowers,sc/icons_decos.sc,shop_icon_easter_bunny_flowerpot,1,0,,sc/decos02_seasonal.sc,bunny_flowerpot,1,1,,45,,,,,TID_DECO_EASTER_DESCRIPTION,TID_DECO_EASTER_FLOWERS,Buy,,,,,TapDecorationGeneric,TRUE,,25,Easter,TRUE,,,,,,,,,,,,,,,
Purple_tree,sc/icons_decos.sc,shop_icon_deco_leafy_big_02_purple,23,0,,sc/decos01_generic.sc,deco_leafy_big_02_purple,1,1,,,Voucher2,25,,,TID_DECO_GENERICFARM_DESCRIPTION,TID_DECO_PURPLE_TREE,Buy,,,,,TapDecorationGeneric,TRUE,,25,,,TRUE,,,,,,,,,,,,,,
Vibrant_tree,sc/icons_decos.sc,shop_icon_deco_leafy_big_02_vibrant,23,0,,sc/decos01_generic.sc,deco_leafy_big_02_vibrant,1,1,,,Voucher1,10,,,TID_DECO_GENERICFARM_DESCRIPTION,TID_DECO_VIBRANT_TREE,Buy,,,,,TapDecorationGeneric,TRUE,,25,,,TRUE,,,,,,,,,,,,,,
,,,,,,,,,,,,Voucher3,10,,,,,,,,,,,,,,,,,,,,,,,,,,,,,,
Red_tree,sc/icons_decos.sc,shop_icon_deco_leafy_big_02_autumn,23,0,,sc/decos01_generic.sc,deco_leafy_big_02_autumnred,1,1,,,Voucher4,10,,,TID_DECO_GENERICFARM_DESCRIPTION,TID_DECO_RED_TREE,Buy,,,,,TapDecorationGeneric,TRUE,,25,,,TRUE,,,,,,,,,,,,,,
Orange_tree,sc/icons_decos.sc,shop_icon_deco_leafy_big_03_autumn,23,0,,sc/decos01_generic.sc,deco_leafy_big_03_autumn,1,1,,,Voucher2,5,,,TID_DECO_GENERICFARM_DESCRIPTION,TID_DECO_ORANGE_TREE,Buy,,,,,TapDecorationGeneric,TRUE,,25,,,TRUE,,,,,,,,,,,,,,
,,,,,,,,,,,,Voucher3,10,,,,,,,,,,,,,,,,,,,,,,,,,,,,,,
Yellow_tree,sc/icons_decos.sc,shop_icon_deco_leafy_big_04_autumn,23,0,,sc/decos01_generic.sc,deco_leafy_big_04_autumn,1,1,,,Voucher3,5,,,TID_DECO_GENERICFARM_DESCRIPTION,TID_DECO_YELLOW_TREE,Buy,,,,,TapDecorationGeneric,TRUE,,25,,,TRUE,,,,,,,,,,,,,,
,,,,,,,,,,,,Voucher4,5,,,,,,,,,,,,,,,,,,,,,,,,,,,,,,
,,,,,,,,,,,,,,,,,,,,,,,,,,,,,,,,,,,,,,,,,,,
BlueCake,sc/icons_decos.sc,shop_icon_cake_blue,1,0,,sc/decos02_seasonal.sc,cake_blue,1,1,,999,,,,,TID_HAYDAY_BIRTHDAYCAKE_DESCRIPTION,TID_DECO_BLUECAKE,,,,,,TapDecorationGeneric,,,,,TRUE,,,,TRUE,,,,,,,,,,,
Baobab_tree,sc/icons_decos.sc,shop_icon_deco_baobab,0,3,1,sc/decos03_features.sc,baobab_tree,1,1,,,Voucher3,1,,,TID_SANCTUARYDECO_DESC,TID_DECO_BAOBABTREE,Buy,,,,,TapDecorationGeneric,TRUE,,25,,,TRUE,,TRUE,,,Elephant1,,,,,,,,,
,,,,,,,,,,,,Voucher1,5,,,,,,,,,,,,,,,,,,,,,,,,,,,,,,
Termite_mound,sc/icons_decos.sc,shop_icon_deco_termite_mound,0,3,1,sc/decos03_features.sc,termite_mound,2,1,4500,,,,500,1,TID_SANCTUARYDECO_DESC,TID_DECO_TERMITEMOUND,Buy,,,,,TapDecorationGeneric,TRUE,,25,,,TRUE,,TRUE,,,Elephant1,,,,,,,,,
Elephant_grass,sc/icons_decos.sc,shop_icon_deco_elephant_grass,0,3,1,sc/decos03_features.sc,elephant_grass,1,1,4500,,,,500,1,TID_SANCTUARYDECO_DESC,TID_DECO_ELEPHANTGRASS,Buy,,,,,TapDecorationGeneric,TRUE,,25,,,TRUE,,TRUE,,,Elephant2,,,,,,,,,
Muddy_log,sc/icons_decos.sc,shop_icon_deco_deadlog,0,3,1,sc/decos03_features.sc,dead_log,2,1,,,Voucher1,5,,,TID_SANCTUARYDECO_DESC,TID_DECO_MUDDYLOG,Buy,,,,,TapDecorationGeneric,TRUE,,25,,,TRUE,,TRUE,,,Elephant2,,,,,,,,,
,,,,,,,,,,,,Voucher3,1,,,,,,,,,,,,,,,,,,,,,,,,,,,,,,
Lala_palm,sc/icons_decos.sc,shop_icon_deco_lala,0,3,1,sc/decos03_features.sc,lala_palm,1,1,,,Voucher2,3,,,TID_SANCTUARYDECO_DESC,TID_DECO_LALAPALM,Buy,,,,,TapDecorationGeneric,TRUE,,25,,,TRUE,,TRUE,,,Giraffe1,,,,,,,,,
,,,,,,,,,,,,Voucher1,5,,,,,,,,,,,,,,,,,,,,,,,,,,,,,,
Rock_formation,sc/icons_decos.sc,shop_icon_deco_rock_formation,0,3,1,sc/decos03_features.sc,rock_formation,1,1,4500,,,,500,1,TID_SANCTUARYDECO_DESC,TID_DECO_ROCKFORMATION,Buy,,,,,TapDecorationGeneric,TRUE,,25,,,TRUE,,TRUE,,,Giraffe1,,,,,,,,,
Acacia_tree,sc/icons_decos.sc,shop_icon_deco_acacia,0,3,1,sc/decos03_features.sc,acacia_tree,1,1,,,Voucher3,1,,,TID_SANCTUARYDECO_DESC,TID_DECO_ACACIATREE,Buy,,,,,TapDecorationGeneric,TRUE,,25,,,TRUE,,TRUE,,,Giraffe2,,,,,,,,,
,,,,,,,,,,,,Voucher2,3,,,,,,,,,,,,,,,,,,,,,,,,,,,,,,
Ice_plant,sc/icons_decos.sc,shop_icon_deco_iceplant_purple,0,3,1,sc/decos03_features.sc,ice_plant_purple,1,1,4500,,,,500,1,TID_SANCTUARYDECO_DESC,TID_DECO_ICEPLANT,Buy,,,,,TapDecorationGeneric,TRUE,,25,,,TRUE,,TRUE,,,Giraffe2,,,,,,,,,
Rock_pond,sc/icons_decos.sc,shop_icon_deco_rocky_pond,0,3,1,sc/decos03_features.sc,rocky_pond,3,3,,,Voucher2,3,,,TID_SANCTUARYDECO_DESC,TID_DECO_ROCKPOND,Buy,,,,,TapDecorationGeneric,TRUE,,25,,,TRUE,,TRUE,,,Hippo1,,,,,,,,,
,,,,,,,,,,,,Voucher3,1,,,,,,,,,,,,,,,,,,,,,,,,,,,,,,
Savannah_bush,sc/icons_decos.sc,shop_icon_deco_savanna_bush,0,3,1,sc/decos03_features.sc,savanna_bush,1,1,4500,,,,500,1,TID_SANCTUARYDECO_DESC,TID_DECO_SAVANNAHBUSH,Buy,,,,,TapDecorationGeneric,TRUE,,25,,,TRUE,,TRUE,,,Hippo1,,,,,,,,,
Palm_tree,sc/icons_decos.sc,shop_icon_deco_palm,0,3,1,sc/decos03_features.sc,palm_tree,1,1,,,Voucher1,5,,,TID_SANCTUARYDECO_DESC,TID_DECO_PALMTREE,Buy,,,,,TapDecorationGeneric,TRUE,,25,,,TRUE,,TRUE,,,Hippo2,,,,,,,,,
,,,,,,,,,,,,Voucher2,3,,,,,,,,,,,,,,,,,,,,,,,,,,,,,,
Aloe_plant,sc/icons_decos.sc,shop_icon_deco_aloe,0,3,1,sc/decos03_features.sc,aloe_plant,1,1,4500,,,,500,1,TID_SANCTUARYDECO_DESC,TID_DECO_ALOEPLANT,Buy,,,,,TapDecorationGeneric,TRUE,,25,,,TRUE,,TRUE,,,Hippo2,,,,,,,,,
HugStatue,sc/icons_decos.sc,shop_icon_hugstatue,1,0,-1,sc/decos02_seasonal.sc,hug_statue,1,1,,999,,,,,TID_DECO_HUGSTATUE_DESC,TID_DECO_HUGSTATUE,,,,,,TapDecorationGeneric,,,,,TRUE,,,,TRUE,,,,,,,,,,,
MrPlant,sc/icons_decos.sc,shop_icon_spooky_male_plant,1,0,,sc/decos02_seasonal.sc,spooky_male_plant,1,1,,50,,,,,TID_DECO_HAUNTED_BIRDHOUSE_DESC,TID_DECO_MRPLANT,Buy,,,,,TapDecorationGeneric,TRUE,,25,Halloween,,TRUE,,,,,,,,,,,,,,
GnomeHouse1,sc/icons_decos.sc,shop_icon_gnome_tree_house01,1,0,,sc/decos02_seasonal.sc,gnome_tree_house01,1,1,,999,,,,,TID_DECO_GENERICFARM_DESCRIPTION,TID_DECO_GNOMEHOUSE,,,,,,TapDecorationGeneric,,,,Halloween,,,,,TRUE,,,,,,,,,,,
CallaLily,sc/icons_decos.sc,shop_icon_calla_lily,1,0,,sc/decos01_generic.sc,calla_lily,1,1,,,Voucher3,4,,,TID_DECO_HAUNTED_BIRDHOUSE_DESC,TID_DECO_CALLALILY,Buy,,,,,TapDecorationGeneric,TRUE,,25,Halloween,,TRUE,,,,,,,,,,,,,,
,,,,,,,,,,,,Voucher4,2,,,,,,,,,,,,,,,,,,,,,,,,,,,,,,
Red_CallaLily,sc/icons_decos.sc,shop_icon_calla_planter,1,0,,sc/decos01_generic.sc,calla_lily_planter,1,2,,5,,,,,TID_DECO_HAUNTED_BIRDHOUSE_DESC,TID_DECO_REDLILY,Buy,,,,,TapDecorationGeneric,TRUE,,25,Halloween,,TRUE,,,,,,,,,,,,,,
HalloweenLantern,sc/icons_decos.sc,shop_icon_hw_lantern,1,0,,sc/decos02_seasonal.sc,halloween_lantern,1,1,2500,,,,500,1,TID_DECO_HAUNTED_BIRDHOUSE_DESC,TID_DECO_HALLOWEENLANTERN,Buy,,,,,TapDecorationGeneric,TRUE,,25,Halloween,,,,,TRUE,,,,,,,,,,,
HalloweenGate,sc/icons_decos.sc,shop_icon_hw_gate,1,0,,sc/decos02_seasonal.sc,halloween_gate,3,1,,30,,,,,TID_DECO_HAUNTED_BIRDHOUSE_DESC,TID_DECO_HALLOWEENGATE,Buy,,,,,TapDecorationGeneric,TRUE,,25,Halloween,,,,,TRUE,,,,,,,,,,,
Mausoleum,sc/icons_decos.sc,shop_icon_mausoleum,1,0,,sc/decos02_seasonal.sc,halloween_mausoleum,2,2,,999,,,,,TID_DECO_HAUNTED_BIRDHOUSE_DESC,TID_DECO_MAUSOLEUM,,,,,,TapDecorationGeneric,,,,Halloween,TRUE,,,,TRUE,,,,,,,,,,,
GnomeWitch,sc/icons_decos.sc,shop_icon_gnome_witch01,1,0,,sc/decos02_seasonal.sc,gnome_witch01,1,1,,999,,,,,TID_DECO_HAUNTED_BIRDHOUSE_DESC,TID_DECO_GNOMEWITCH,,,,,,TapDecorationGeneric,,,,Halloween,,,,,TRUE,,,,,,,,,,,
CampKettle,sc/icons_decos.sc,shop_icon_bonfire_cooking,1,0,,sc/decos01_generic.sc,bonfire_cooking,1,1,,999,,,,,TID_FALL_DECO_DESC,TID_DECO_KETTLE,,,,,,TapDecorationGeneric,,,,,,,,,TRUE,,,10000,,,,,,,,
CampTent,sc/icons_decos.sc,shop_icon_chicken_tent,1,0,,sc/decos01_generic.sc,chicken_tent,2,2,,999,,,,,TID_FALL_DECO_DESC,TID_DECO_CANVASTENT,,,,,,TapDecorationGeneric,,,,,,,,,TRUE,,,13000,,,,,,,,
CNYLittleTiger,sc/icons_decos.sc,shop_icon_cnylittletiger,1,0,,sc/decos02_seasonal.sc,cny_littletiger,1,1,,999,,,,,TID_FALL_DECO_DESC,TID_DECO_LITTLETIGER,,,,,,TapDecorationGeneric,,,,ChineseNewYear,,,,,TRUE,,,,,,,,,,,
CNYGDogStatue,sc/icons_decos.sc,shop_icon_cnydog_statue,1,0,,sc/decos02_seasonal.sc,cny_dogstatue,2,2,,999,,,,,TID_FALL_DECO_DESC,TID_DECO_DOGSTATUE,,,,,,TapDecorationGeneric,,,,ChineseNewYear,,,,,TRUE,,,,,,,,,,,
NYEClock,sc/icons_decos.sc,shop_icon_grandfather_clock,1,0,,sc/decos02_seasonal.sc,newyear_grandfather_clock,1,1,,999,,,,,TID_DECO_NEWYEAR_BALLOON_DESC,TID_DECO_CLOCK,,,,,,TapDecorationGeneric,,,,NewYear,TRUE,,,,TRUE,,,9000,,,,,,,,
EasterGate,sc/icons_decos.sc,shop_icon_easter_archway,1,0,,sc/decos02_seasonal.sc,easter_archway,2,1,,999,,,,,TID_DECO_EASTER_DESCRIPTION,TID_DECO_EASTERGATE,,,,,,TapDecorationGeneric,,,,Easter,TRUE,,,,TRUE,,,,,,,,,,,
EasterBigEgg,sc/icons_decos.sc,shop_icon_easter_bigegg,1,0,,sc/decos02_seasonal.sc,easter_bigegg,1,1,,30,,,,,TID_DECO_EASTER_DESCRIPTION,TID_DECO_EASTEREGG,Buy,,,,,TapDecorationGeneric,TRUE,,25,Easter,,,,,TRUE,,,,,,,,,,,
EasterGrass,sc/icons_decos.sc,shop_icon_easter_egggrass,1,0,,sc/decos02_seasonal.sc,easter_egggrass,1,1,,999,,,,,TID_DECO_EASTER_DESCRIPTION,TID_DECO_EASTERHIDDENEGGS,,,,,,TapDecorationGeneric,,,,Easter,,,,,TRUE,,,,,,,,,,,
EasterPond,sc/icons_decos.sc,shop_icon_easter_daffodilpond,1,0,,sc/decos02_seasonal.sc,deco_easter_daffodilpond,2,2,5000,,,,750,1,TID_DECO_EASTER_DESCRIPTION,TID_DECO_EASTERPOND,Buy,,,,TRUE,TapDecorationGeneric,TRUE,,25,Easter,,TRUE,,,,,,,,,,,,,,
EasterGnome,sc/icons_decos.sc,shop_icon_easter_gnomepond,1,0,,sc/decos02_seasonal.sc,deco_easter_gnomepond,2,2,,999,,,,,TID_DECO_EASTER_DESCRIPTION,TID_DECO_EASTERGNOME,,,,,,TapDecorationGeneric,,,,Easter,,,,,TRUE,,,,,,,,,,, 
EasterEggTree,sc/icons_decos.sc,shop_icon_deco_egg_tree,1,0,,sc/decos02_seasonal.sc,egg_tree,1,1,,999,,,,,TID_DECO_EASTER_DESCRIPTION,TID_DECO_EASTEREGGTREE,,,,,,TapDecorationGeneric,,,,Easter,,TRUE,,,,,,,,,,,,,,
FishingAnchor,sc/icons_decos.sc,shop_icon_fishing_anchor,1,0,,sc/decos01_generic.sc,deco_fishing_anchor,2,2,,999,,,,,TID_PEARLOFTHESEA_DESCRIPTION,TID_DECO_ANCHOR,,,,,,TapDecorationGeneric,,,,,,,,,TRUE,,,,,,,,,,,
FishingShipWheel,sc/icons_decos.sc,shop_icon_fishing_shipswheel,1,0,,sc/decos01_generic.sc,deco_fishing_shipswheel,2,2,,999,,,,,TID_PEARLOFTHESEA_DESCRIPTION,TID_DECO_WHEEL,,,,,,TapDecorationGeneric,,,,,,,,,TRUE,,,,,,,,,,,
FishingCannon,sc/icons_decos.sc,shop_icon_fishing_cannon,1,0,,sc/decos01_generic.sc,deco_fishing_cannon,2,2,,999,,,,,TID_PEARLOFTHESEA_DESCRIPTION,TID_DECO_CANNON,,,,,,TapDecorationGeneric,,,,,,,,,TRUE,,,,,,,,,,,
ValentinesGate,sc/icons_decos.sc,shop_icon_valentines_heartgate,1,0,,sc/decos02_seasonal.sc,valentines_heartgate,2,1,,999,,,,,TID_DECO_VALENTINES_CUPID_DESCRIPTION,TID_DECO_VALENTINESGATE,,,,,,TapDecorationGeneric,,,,Valentines,TRUE,TRUE,,,,,,9000,,,,,,,,
XmasSwing,sc/icons_decos.sc,shop_icon_xmasswing,1,0,,sc/decos02_seasonal.sc,xmas_swing,2,1,,999,,,,,TID_DECO_CHRISTMAS_BELL_DESC,TID_DECO_XMASSWING,,,,,,TapDecorationXmas,,,,Christmas,TRUE,,,,TRUE,,,13000,,,,,,,,
XmasIgloo,sc/icons_decos.sc,shop_icon_igloo,1,0,,sc/decos02_seasonal.sc,igloo,2,2,,999,,,,,TID_DECO_CHRISTMAS_BELL_DESC,TID_DECO_IGLOO,,,,,,TapDecorationXmas,,,,Christmas,,,,,TRUE,,,13000,,,,,,,,
XmasSnowman,sc/icons_decos.sc,shop_icon_snowroyalty,1,0,,sc/decos02_seasonal.sc,winterdeco_snowroyalty,1,1,,999,,,,,TID_DECO_CHRISTMAS_BELL_DESC,TID_DECO_SNOWKING,,,,,,TapDecorationXmas,,,,Christmas,,,,,TRUE,,,10000,,,,,,,,
XmasPine,sc/icons_decos.sc,shop_icon_smallxmastree,1,0,,sc/decos02_seasonal.sc,xmas_tree_sharp,1,1,5000,,,,750,1,TID_DECO_CHRISTMAS_BELL_DESC,TID_DECO_WINTERTREE,,,,,,TapDecorationXmas,TRUE,,,Christmas,,TRUE,,,,,,,,,,,,,,
ElephantEar,sc/icons_decos.sc,shop_icon_deco_elephant_ear,1,0,,sc/decos03_features.sc,elephant_ear,1,1,,,Voucher1,5,,,TID_SANCTUARYDECO_DESC,TID_DECO_ELEPHANTEARS,Buy,,,,,TapDecorationGeneric,TRUE,,25,,,TRUE,,TRUE,,,ElephantCalf1,,,,,,,,,
,,,,,,,,,,,,Voucher3,1,,,,,,,,,,,,,,,,,,,,,,,,,,,,,,
BloomingCactus,sc/icons_decos.sc,shop_icon_deco_blooming_cactus,1,0,,sc/decos03_features.sc,blooming_cactus,1,1,4500,,,,500,1,TID_SANCTUARYDECO_DESC,TID_DECO_BLOOMINGCACTUS,Buy,,,,,TapDecorationGeneric,TRUE,,25,,,TRUE,,TRUE,,,ElephantCalf1,,,,,,,,,
SagoPalm,sc/icons_decos.sc,shop_icon_deco_sago,1,0,,sc/decos03_features.sc,sago_palm,1,1,,,Voucher2,3,,,TID_SANCTUARYDECO_DESC,TID_DECO_SAGOPALM,Buy,,,,,TapDecorationGeneric,TRUE,,25,,,TRUE,,TRUE,,,ElephantCalf2,,,,,,,,,
,,,,,,,,,,,,Voucher1,5,,,,,,,,,,,,,,,,,,,,,,,,,,,,,,
OrangeIcePlant,sc/icons_decos.sc,shop_icon_deco_iceplant_orange,1,0,,sc/decos03_features.sc,ice_plant_orange,1,1,4500,,,,500,1,TID_SANCTUARYDECO_DESC,TID_DECO_ICEPLANTORANGE,Buy,,,,,TapDecorationGeneric,TRUE,,25,,,TRUE,,TRUE,,,ElephantCalf2,,,,,,,,,
PricklyPear,sc/icons_decos.sc,shop_icon_deco_pricklypear,1,0,,sc/decos03_features.sc,prickly_pear,1,1,,,Voucher2,3,,,TID_SANCTUARYDECO_DESC,TID_DECO_PRICKLYPEAR,Buy,,,,,TapDecorationGeneric,TRUE,,25,,,TRUE,,TRUE,,,GiraffeCalf1,,,,,,,,,
,,,,,,,,,,,,Voucher3,1,,,,,,,,,,,,,,,,,,,,,,,,,,,,,,
SmallTermiteMound,sc/icons_decos.sc,shop_icon_deco_termite_mound_small,1,0,,sc/decos03_features.sc,termite_mound_small,1,1,4500,,,,500,1,TID_SANCTUARYDECO_DESC,TID_DECO_TERMITES,Buy,,,,,TapDecorationGeneric,TRUE,,25,,,TRUE,,TRUE,,,GiraffeCalf1,,,,,,,,,
SaguaroCactus,sc/icons_decos.sc,shop_icon_deco_saguaro_cactus,1,0,,sc/decos03_features.sc,saguaro_cactus,2,1,,,Voucher1,5,,,TID_SANCTUARYDECO_DESC,TID_DECO_SAGUARO,Buy,,,,,TapDecorationGeneric,TRUE,,25,,,TRUE,,TRUE,,,GiraffeCalf2,,,,,,,,,
,,,,,,,,,,,,Voucher2,3,,,,,,,,,,,,,,,,,,,,,,,,,,,,,,
CreosoteBush,sc/icons_decos.sc,shop_icon_deco_creosote_bush,1,0,,sc/decos03_features.sc,creosote_bush,1,1,4500,,,,500,1,TID_SANCTUARYDECO_DESC,TID_DECO_CREOSOTE,Buy,,,,,TapDecorationGeneric,TRUE,,25,,,TRUE,,TRUE,,,GiraffeCalf2,,,,,,,,,
DragonBloodTree,sc/icons_decos.sc,shop_icon_deco_dragonblood,1,0,,sc/decos03_features.sc,dragon_blood_tree,1,1,,,Voucher3,1,,,TID_SANCTUARYDECO_DESC,TID_DECO_DRAGONBLOODTREE,Buy,,,,,TapDecorationGeneric,TRUE,,25,,,TRUE,,TRUE,,,HippoCalf1,,,,,,,,,
,,,,,,,,,,,,Voucher2,3,,,,,,,,,,,,,,,,,,,,,,,,,,,,,,
WhiteIcePlant,sc/icons_decos.sc,shop_icon_deco_iceplant_white,1,0,,sc/decos03_features.sc,ice_plant_white,1,1,4500,,,,500,1,TID_SANCTUARYDECO_DESC,TID_DECO_ICEPLANTWHITE,Buy,,,,,TapDecorationGeneric,TRUE,,25,,,TRUE,,TRUE,,,HippoCalf1,,,,,,,,,
SmallAcaciaTree,sc/icons_decos.sc,shop_icon_deco_acacia_small,1,0,,sc/decos03_features.sc,acacia_tree_small,1,1,,,Voucher3,1,,,TID_SANCTUARYDECO_DESC,TID_DECO_SMALLACACIA,Buy,,,,,TapDecorationGeneric,TRUE,,25,,,TRUE,,TRUE,,,HippoCalf2,,,,,,,,,
,,,,,,,,,,,,Voucher1,5,,,,,,,,,,,,,,,,,,,,,,,,,,,,,,
BarrelCactus,sc/icons_decos.sc,shop_icon_deco_barrel_cactus,1,0,,sc/decos03_features.sc,barrel_cactus,1,1,4500,,,,500,1,TID_SANCTUARYDECO_DESC,TID_DECO_BARRELCACTUS,Buy,,,,,TapDecorationGeneric,TRUE,,25,,,TRUE,,TRUE,,,HippoCalf2,,,,,,,,,
Cat_Tree,sc/icons_decos.sc,shop_icon_cat_climbingtree,1,0,,sc/decos01_generic.sc,cat_climbingtree,1,1,,999,,,,,TID_DECO_GENERICFARM_DESCRIPTION,TID_DECO_CATTREE,,,,,,TapDecorationGeneric,,,,,,,,,TRUE,,,,,,,,,,,
Dog bed,sc/icons_decos.sc,shop_icon_dogbed,1,0,,sc/decos01_generic.sc,dog_bed,1,1,,999,,,,,TID_DECO_GENERICFARM_DESCRIPTION,TID_DECO_DOGBED,,,,,,TapDecorationGeneric,,,,,,,,,TRUE,,,,,,,,,,,
Dog pool,sc/icons_decos.sc,shop_icon_dogpool,1,0,,sc/decos01_generic.sc,dog_pool,2,2,,999,,,,,TID_DECO_GENERICFARM_DESCRIPTION,TID_DECO_DOGPOOL,,,,,,TapDecorationGeneric,,,,,,,,,TRUE,,,,,,,,,,,
Rabbit pole,sc/icons_decos.sc,shop_icon_rabbitpole,1,0,,sc/decos01_generic.sc,rabbitpole,1,2,,999,,,,,TID_DECO_GENERICFARM_DESCRIPTION,TID_DECO_RABBITPOLE,,,,,,TapDecorationGeneric,,,,,,,,,TRUE,,,,,,,,,,,
Elephant slide,sc/icons_decos.sc,shop_icon_playground_elephantslide,1,0,,sc/decos01_generic.sc,elephantslide,1,2,,999,,,,,TID_DECO_GENERICFARM_DESCRIPTION,TID_DECO_ELEPHANTSLIDE,,,,,,TapDecorationGeneric,,,,,,,,,TRUE,,,,,,,,,,,
Sheep springer,sc/icons_decos.sc,shop_icon_playground_sheep_rocking,1,0,,sc/decos01_generic.sc,sheep_rocking,1,1,,999,,,,,TID_DECO_GENERICFARM_DESCRIPTION,TID_DECO_SHEEPTOY,,,,,,TapDecorationGeneric,,,,,,,,,TRUE,,,,,,,,,,,
Pig seesaw,sc/icons_decos.sc,shop_icon_playground_pig_seesaw,1,0,,sc/decos01_generic.sc,pigseesaw,2,1,,999,,,,,TID_DECO_GENERICFARM_DESCRIPTION,TID_DECO_PIGTOY,,,,,,TapDecorationGeneric,,,,,,,,,TRUE,,,,,,,,,,,
Car springer,sc/icons_decos.sc,shop_icon_playground_tractor_rocking,1,0,,sc/decos01_generic.sc,tractor_rocking,1,1,,999,,,,,TID_DECO_GENERICFARM_DESCRIPTION,TID_DECO_CARTOY,,,,,,TapDecorationGeneric,,,,,,,,,TRUE,,,,,,,,,,,
Agility tire,sc/icons_decos.sc,shop_icon_tireramp,1,0,,sc/decos01_generic.sc,tireramp,1,2,,999,,,,,TID_DECO_GENERICFARM_DESCRIPTION,TID_DECO_AGILITYTIRE,,,,,,TapDecorationGeneric,,,,,,,,,TRUE,,,,,,,,,,,
Rocking unicorn,sc/icons_decos.sc,shop_icon_playground_unicorn_rocking,1,0,,sc/decos01_generic.sc,unicorn_rocking,1,1,,999,,,,,TID_DECO_GENERICFARM_DESCRIPTION,TID_DECO_ROCKINGUNICORN,,,,,,TapDecorationGeneric,,,,,,,,,TRUE,,,,,,,,,,,
Roundabout,sc/icons_decos.sc,shop_icon_playground_merrygoround,1,0,,sc/decos01_generic.sc,merrygoround,2,2,,999,,,,,TID_HAYDAY_BIRTHDAYCAKE_DESCRIPTION,TID_DECO_ROUNDABOUT,,,,,,TapDecorationGeneric,,,,,TRUE,,,,TRUE,,,13000,,,,,,,,
,,,,,,,,,,,,,,,,,,,,,,,,,,,,,,,,,,,,,,,,,,,
StumpAxe,sc/icons_decos.sc,shop_icon_stumpaxe,1,0,,sc/decos01_generic.sc,stumpaxe,1,1,,999,,,,,TID_DECO_GENERICFARM_DESCRIPTION,TID_DECO_AXESTUMP,,,,,,TapDecorationGeneric,,,,,,TRUE,,,TRUE,,,,,,,,,,,
CatStatue,sc/icons_decos.sc,shop_icon_catstatue,1,0,,sc/decos02_seasonal.sc,catstatue,1,1,,999,,,,,TID_DECO_GENERICFARM_DESCRIPTION,TID_DECO_WITCHCAT,,,,,,TapDecorationGeneric,,,,,,,,,TRUE,,,,,,,,,,,
CropsCrate,sc/icons_decos.sc,shop_icon_cropscrate,1,0,,sc/decos01_generic.sc,cropscrate,1,1,,999,,,,,TID_DECO_GENERICFARM_DESCRIPTION,TID_DECO_PRODUCECRATES,,,,,,TapDecorationGeneric,,,,,,,TRUE,,,,,,,,,,,,,
RakeLeafs,sc/icons_decos.sc,shop_icon_rakeleafs,1,0,,sc/decos01_generic.sc,rakeleafs,1,1,,999,,,,,TID_DECO_GENERICFARM_DESCRIPTION,TID_DECO_RAKE,,,,,,TapDecorationGeneric,,,,,,,TRUE,,,,,,,,,,,,,
LeafPile,sc/icons_decos.sc,shop_icon_leafpile,1,0,,sc/decos01_generic.sc,leafpile,1,1,,999,,,,,TID_DECO_GENERICFARM_DESCRIPTION,TID_DECO_LEAFPILE,,,,,,TapDecorationGeneric,,,,,,TRUE,,,,,,,,,,,,,,
BeachSign,sc/icons_decos.sc,shop_icon_beachsign,1,0,,sc/decos01_generic.sc,beachsign,1,1,,999,,,,,TID_DECO_GENERICFARM_DESCRIPTION,TID_DECO_BEACHSIGN,,,,,,TapDecorationGeneric,,,,,,,,,,,,,,,,,,,,
CoolerBox,sc/icons_decos.sc,shop_icon_coolerbox,1,0,,sc/decos01_generic.sc,coolerbox,1,1,,999,,,,,TID_DECO_GENERICFARM_DESCRIPTION,TID_DECO_COOLER,,,,,,TapDecorationGeneric,,,,,,,,,,,,,,,,,,,,
FishFloater,sc/icons_decos.sc,shop_icon_fish_floater,1,0,,sc/decos01_generic.sc,fish_floater,1,1,,999,,,,,TID_DECO_GENERICFARM_DESCRIPTION,TID_DECO_FISHFLOATIE,,,,,,TapDecorationGeneric,,,,,,,,,,,,,,,,,,,,
PlasticWindmill,sc/icons_decos.sc,shop_icon_pinwheel,1,0,,sc/decos01_generic.sc,plasticwindmiill_blue,1,1,,999,,,,,TID_DECO_GENERICFARM_DESCRIPTION,TID_DECO_PINWHEEL,,,,,,TapDecorationGeneric,,,,,,,,,,,,,,,,,,,,
BirthdayLetterY,sc/icons_decos.sc,shop_icon_birthdayletters_y,1,0,,sc/decos02_seasonal.sc,birthdayletter_y,1,1,,999,,,,,TID_HAYDAY_BIRTHDAYCAKE_DESCRIPTION,TID_DECO_DECOY,,,,,,TapDecorationGeneric,,,,,TRUE,,,,TRUE,,,,,,,,,,,
BirthdayLetterH,sc/icons_decos.sc,shop_icon_birthdayletters_h,1,0,,sc/decos02_seasonal.sc,birthdayletter_h,1,1,,999,,,,,TID_HAYDAY_BIRTHDAYCAKE_DESCRIPTION,TID_DECO_DECOH,,,,,,TapDecorationGeneric,,,,,TRUE,,,,TRUE,,,,,,,,,,,
BirthdayLetterD,sc/icons_decos.sc,shop_icon_birthdayletters_d,1,0,,sc/decos02_seasonal.sc,birthdayletter_d,1,1,,999,,,,,TID_HAYDAY_BIRTHDAYCAKE_DESCRIPTION,TID_DECO_DECOD,,,,,,TapDecorationGeneric,,,,,TRUE,,,,TRUE,,,,,,,,,,,
BirthdayLetterA,sc/icons_decos.sc,shop_icon_birthdayletters_a,1,0,,sc/decos02_seasonal.sc,birthdayletter_a,1,1,,999,,,,,TID_HAYDAY_BIRTHDAYCAKE_DESCRIPTION,TID_DECO_DECOA,,,,,,TapDecorationGeneric,,,,,TRUE,,,,TRUE,,,,,,,,,,,
,,,,,,,,,,,,,,,,,,,,,,,,,,,,,,,,,,,,,,,,,,,
GnomeElf,sc/icons_decos.sc,shop_icon_gnome_elf,1,0,,sc/decos02_seasonal.sc,gnome_elf,1,1,,999,,,,,TID_DECO_GENERICFARM_DESCRIPTION,TID_DECO_GNOMEELF,,,,,,TapDecorationGeneric,,,,,TRUE,,,,TRUE,,,,,,,,,,,
GnomeFirefighter,sc/icons_decos.sc,shop_icon_gnome_firefighter,1,0,,sc/decos01_generic.sc,gnome_firefighter,1,1,,999,,,,,TID_DECO_GENERICFARM_DESCRIPTION,TID_DECO_GNOMEFIREFIGHTER,,,,,,TapDecorationGeneric,,,,,TRUE,,,,TRUE,,,,,,,,,,,
GnomeFisherman,sc/icons_decos.sc,shop_icon_gnome_fisherman,1,0,,sc/decos01_generic.sc,gnome_fisherman,1,1,,999,,,,,TID_DECO_GENERICFARM_DESCRIPTION,TID_DECO_GNOMEANGLER,,,,,,TapDecorationGeneric,,,,,TRUE,,,,TRUE,,,,,,,,,,,
GnomeFlowergirl,sc/icons_decos.sc,shop_icon_gnome_flowergirl,1,0,,sc/decos01_generic.sc,gnome_flowergirl,1,1,,999,,,,,TID_DECO_GENERICFARM_DESCRIPTION,TID_DECO_GNOMEFLOWER,,,,,,TapDecorationGeneric,,,,,TRUE,,,,TRUE,,,,,,,,,,,
GnomeMusician,sc/icons_decos.sc,shop_icon_gnome_musician,1,0,,sc/decos01_generic.sc,gnome_musician,1,1,,999,,,,,TID_DECO_GENERICFARM_DESCRIPTION,TID_DECO_GNOMEMUSICIAN,,,,,,TapDecorationGeneric,,,,,TRUE,,,,TRUE,,,,,,,,,,,
GnomePainter,sc/icons_decos.sc,shop_icon_gnome_painter,1,0,,sc/decos01_generic.sc,gnome_painter,1,1,,999,,,,,TID_DECO_GENERICFARM_DESCRIPTION,TID_DECO_GNOMEPAINTER,,,,,,TapDecorationGeneric,,,,,TRUE,,,,TRUE,,,,,,,,,,,
GnomePolice,sc/icons_decos.sc,shop_icon_gnome_police,1,0,,sc/decos01_generic.sc,gnome_police,1,1,,999,,,,,TID_DECO_GENERICFARM_DESCRIPTION,TID_DECO_GNOMEPOLICE,,,,,,TapDecorationGeneric,,,,,TRUE,,,,TRUE,,,,,,,,,,,
GnomeSkier,sc/icons_decos.sc,shop_icon_gnome_skiier,1,0,,sc/decos02_seasonal.sc,gnome_skier,1,1,,999,,,,,TID_DECO_GENERICFARM_DESCRIPTION,TID_DECO_GNOMESKI,,,,,,TapDecorationGeneric,,,,,TRUE,,,,TRUE,,,,,,,,,,,
,,,,,,,,,,,,,,,,,,,,,,,,,,,,,,,,,,,,,,,,,,,
Slope,sc/icons_decos.sc,shop_icon_slope,1,0,,sc/decos02_seasonal.sc,slope,2,2,,999,,,,,TID_DECO_GENERICFARM_DESCRIPTION,TID_DECO_SLOPE,,,,,,TapDecorationGeneric,,,,,TRUE,,,,TRUE,,,,,,,,,,,
Icy fishingpond,sc/icons_decos.sc,shop_icon_icefishing_pond,1,0,,sc/decos02_seasonal.sc,icefishing_pond,2,2,,999,,,,,TID_DECO_GENERICFARM_DESCRIPTION,TID_DECO_ICYFISHPOND,,,,,,TapDecorationGeneric,,,,,TRUE,,,,TRUE,,,,,,,,,,,
Gingerbread train,sc/icons_decos.sc,shop_icon_gingerbread_train,1,0,,sc/decos02_seasonal.sc,gingerbread_train,1,2,,999,,,,,TID_DECO_GENERICFARM_DESCRIPTION,TID_DECO_GINGERTRAIN,,,,,,TapDecorationGeneric,,,,,TRUE,,,,TRUE,,,,,,,,,,,
Sheep ice sculpture,sc/icons_decos.sc,shop_icon_sheep_sculpture,1,0,,sc/decos02_seasonal.sc,sheep_icesculpture,1,1,,999,,,,,TID_DECO_GENERICFARM_DESCRIPTION,TID_DECO_ICESHEEP,,,,,,TapDecorationGeneric,,,,,TRUE,,,,TRUE,,,,,,,,,,,
,,,,,,,,,,,,,,,,,,,,,,,,,,,,,,,,,,,,,,,,,,,
Beach toyset,sc/icons_decos.sc,shop_icon_beach_toyset,1,0,,sc/decos01_generic.sc,beach_toyset,1,1,,999,,,,,TID_DECO_GENERICFARM_DESCRIPTION,TID_DECO_BEACHTOYS,,,,,,TapDecorationGeneric,,,,,TRUE,,,,TRUE,,,,,,,,,,,
Scuba gear,sc/icons_decos.sc,shop_icon_scuba_gear,1,0,,sc/decos01_generic.sc,scuba_gear,1,1,,999,,,,,TID_DECO_GENERICFARM_DESCRIPTION,TID_DECO_SCUBAGEAR,,,,,,TapDecorationGeneric,,,,,TRUE,,,,TRUE,,,,,,,,,,,
Basketball hoop,sc/icons_decos.sc,shop_icon_basketball_hoop,1,0,,sc/decos01_generic.sc,basketball_hoop,1,1,,999,,,,,TID_DECO_GENERICFARM_DESCRIPTION,TID_DECO_BASKETBALLHOOP,,,,,,TapDecorationGeneric,,,,,TRUE,,,,TRUE,,,,,,,,,,,
Football goal,sc/icons_decos.sc,shop_icon_football_goal,1,0,,sc/decos01_generic.sc,football_goal,1,2,,999,,,,,TID_DECO_GENERICFARM_DESCRIPTION,TID_DECO_GOALPOST,,,,,,TapDecorationGeneric,,,,,TRUE,,,,TRUE,,,,,,,,,,,
Potted Acer Palmatum,sc/icons_decos.sc,shop_icon_potted_acer_palmatum,1,0,,sc/decos01_generic.sc,potted_acer_palmatum,1,1,,999,,,,,TID_DECO_GENERICFARM_DESCRIPTION,TID_DECO_MAPLEBONSAI,,,,,,TapDecorationGeneric,,,,,TRUE,,,,TRUE,,,,,,,,,,,
Potted Bonsai,sc/icons_decos.sc,shop_icon_potted_bonsai,1,0,,sc/decos01_generic.sc,potted_bonsai,1,1,,999,,,,,TID_DECO_GENERICFARM_DESCRIPTION,TID_DECO_PINEBONSAI,,,,,,TapDecorationGeneric,,,,,TRUE,,,,TRUE,,,,,,,,,,,
Potted Greek plant,sc/icons_decos.sc,shop_icon_potted_greek_plant,1,0,,sc/decos01_generic.sc,potted_greek_plant,1,1,,999,,,,,TID_DECO_GENERICFARM_DESCRIPTION,TID_DECO_COLUMNPOT,,,,,,TapDecorationGeneric,,,,,TRUE,,,,TRUE,,,,,,,,,,,
Potted African plant,sc/icons_decos.sc,shop_icon_potted_african_plant,1,0,,sc/decos01_generic.sc,potted_african_plant,1,1,,999,,,,,TID_DECO_GENERICFARM_DESCRIPTION,TID_DECO_LARGEPOT,,,,,,TapDecorationGeneric,,,,,TRUE,,,,TRUE,,,,,,,,,,,
Potted Mexican plant,sc/icons_decos.sc,shop_icon_potted_mexican_plant,1,0,,sc/decos01_generic.sc,potted_mexican_plant,1,1,,999,,,,,TID_DECO_GENERICFARM_DESCRIPTION,TID_DECO_RUSTICPOT,,,,,,TapDecorationGeneric,,,,,TRUE,,,,TRUE,,,,,,,,,,,
,,,,,,,,,,,,,,,,,,,,,,,,,,,,,,,,,,,,,,,,,,,
CNY Drum,sc/icons_decos.sc,shop_icon_cnydrum,1,0,,sc/decos02_seasonal.sc,CNY_drum,1,1,,999,,,,,TID_DECO_GENERICFARM_DESCRIPTION,TID_DECO_BIGDRUM,,,,,,TapDecorationGeneric,,,,,TRUE,,,,TRUE,,,,,,,,,,,
CNY Gong,sc/icons_decos.sc,shop_icon_cnygong,1,0,,sc/decos02_seasonal.sc,CNY_gong,2,2,,999,,,,,TID_DECO_GENERICFARM_DESCRIPTION,TID_DECO_GONG,,,,,,TapDecorationGeneric,,,,,TRUE,,,,TRUE,,,,,,,,,,,
CNY Pig statue,sc/icons_decos.sc,shop_icon_cnypig_statue,1,0,,sc/decos02_seasonal.sc,CNY_pigstatue,2,2,,999,,,,,TID_DECO_GENERICFARM_DESCRIPTION,TID_DECO_PIGSTATUE,,,,,,TapDecorationGeneric,,,,,TRUE,,,,TRUE,,,,,,,,,,,
Fireworks cart,sc/icons_decos.sc,shop_icon_fireworks_cart,1,0,,sc/decos02_seasonal.sc,fireworks_cart,2,2,,999,,,,,TID_DECO_GENERICFARM_DESCRIPTION,TID_DECO_FIREWORKSCART,,,,,,TapDecorationGeneric,,,,,TRUE,,,,TRUE,,,,,,,,,,,
Starballoon arch,sc/icons_decos.sc,shop_icon_starballoon_arch,1,0,,sc/decos02_seasonal.sc,starballoon_arch,2,1,,999,,,,,TID_DECO_GENERICFARM_DESCRIPTION,TID_DECO_STARRYARCH,,,,,,TapDecorationGeneric,,,,,TRUE,,,,TRUE,,,,,,,,,,,
Piano,sc/icons_decos.sc,shop_icon_piano,1,0,,sc/decos02_seasonal.sc,piano,2,2,,999,,,,,TID_DECO_GENERICFARM_DESCRIPTION,TID_DECO_PIANO,,,,,,TapDecorationGeneric,,,,,TRUE,,,,TRUE,,,,,,,,,,,
Valentines Bridge,sc/icons_decos.sc,shop_icon_valentines_bridge,1,0,,sc/decos02_seasonal.sc,valentines_bridge,2,2,,999,,,,,TID_DECO_GENERICFARM_DESCRIPTION,TID_DECO_LOVELYBRIDGE,,,,,,TapDecorationGeneric,,,,,TRUE,,,,TRUE,,,,,,,,,,,
Valentines Wheelbench,sc/icons_decos.sc,shop_icon_valentines_wheelbench,1,0,,sc/decos02_seasonal.sc,valentines_wheelbench,2,1,,999,,,,,TID_DECO_GENERICFARM_DESCRIPTION,TID_DECO_LOVELYBENCH,,,,,,TapDecorationGeneric,,,,,TRUE,,,,TRUE,,,,,,,,,,,
,,,,,,,,,,,,,,,,,,,,,,,,,,,,,,,,,,,,,,,,,,,
Lollipop Cake,sc/icons_decos.sc,shop_icon_lollipop_cake,1,0,,sc/decos02_seasonal.sc,lollipop_cake,2,2,,999,,,,,TID_HAYDAY_BIRTHDAYCAKE_DESCRIPTION,TID_DECO_LOLLYCAKE,,,,,,TapDecorationGeneric,,,,,TRUE,,,,TRUE,,,,,,,,,,,
Veggie Cake,sc/icons_decos.sc,shop_icon_veggie_cake,1,0,,sc/decos02_seasonal.sc,veggie_cake,2,2,,999,,,,,TID_HAYDAY_BIRTHDAYCAKE_DESCRIPTION,TID_DECO_VEGGIECAKE,,,,,,TapDecorationGeneric,,,,,TRUE,,,,TRUE,,,,,,,,,,,
Bird Cake,sc/icons_decos.sc,shop_icon_peacock_cake,1,0,,sc/decos02_seasonal.sc,peacock_cake,2,2,,999,,,,,TID_HAYDAY_BIRTHDAYCAKE_DESCRIPTION,TID_DECO_BIRDCAKE,,,,,,TapDecorationGeneric,,,,,TRUE,,,,TRUE,,,,,,,,,,,
SC ID statue,sc/icons_decos.sc,shop_icon_SCID,1,0,,sc/decos03_features.sc,SCID_statue,1,1,,999,,,,,TID_DECO_PIGRIDER_DESCRIPTION,TID_DECO_PIGRIDER,,,,,,TapDecorationGeneric,,,,,TRUE,,,,TRUE,,,,,,,,,,,
LVL 50 Reward,sc/icons_decos.sc,shop_icon_lvl_50,1,0,,sc/decos03_features.sc,statue_greg,1,1,,999,,,,,TID_DECO_LEVEL50_DESCRIPTION,TID_DECO_LEVEL50,,,,,,TapDecorationGeneric,,,,,TRUE,,,,TRUE,,,,,,,,,,,
LVL 150 Reward,sc/icons_decos.sc,shop_icon_lvl_150,1,0,,sc/decos03_features.sc,fountain_duck,2,2,,999,,,,,TID_DECO_LEVEL150_DESCRIPTION,TID_DECO_LEVEL150,,,,,,TapDecorationGeneric,,,,,TRUE,,,,TRUE,,,,,,,,,,,
LVL 200 Reward,sc/icons_decos.sc,shop_icon_lvl_200,1,0,,sc/decos03_features.sc,painting_pig,2,1,,999,,,,,TID_DECO_LEVEL200_DESCRIPTION,TID_DECO_LEVEL200,,,,,,TapDecorationGeneric,,,,,TRUE,,,,TRUE,,,,,,,,,,,
LVL 250 Reward,sc/icons_decos.sc,shop_icon_lvl_250,1,0,,sc/decos03_features.sc,puppet_theater,2,2,,999,,,,,TID_DECO_LEVEL250_DESCRIPTION,TID_DECO_LEVEL250,,,,,,TapDecorationGeneric,,,,,TRUE,,,,TRUE,,,,,,,,,,,
LVL 300 Reward,sc/icons_decos.sc,shop_icon_lvl_300,1,0,,sc/decos03_features.sc,statue_farm,2,2,,999,,,,,TID_DECO_LEVEL300_DESCRIPTION,TID_DECO_LEVEL300,,,,,,TapDecorationGeneric,,,,,TRUE,,,,TRUE,,,,,,,,,,,
Ramadan Table,sc/icons_decos.sc,shop_icon_ramadan_table,1,0,,sc/decos02_seasonal.sc,ramadan_table,2,2,,999,,,,,TID_DECO_RAMADAN_DESCRIPTION,TID_DECO_RAMTABLE,,,,,,TapDecorationGeneric,,,,,,,,,TRUE,,,,,,,,,,,
Ramadan Tent,sc/icons_decos.sc,shop_icon_ramadan_tent,1,0,,sc/decos02_seasonal.sc,ramadan_tent,2,2,,999,,,,,TID_DECO_RAMADAN_DESCRIPTION,TID_DECO_RAMTENT,,,,,,TapDecorationGeneric,,,,,,,,,TRUE,,,,,,,,,,,
Ramadan Fountain,sc/icons_decos.sc,shop_icon_ramadan_fountain,1,0,,sc/decos02_seasonal.sc,ramadan_fountain,1,1,,999,,,,,TID_DECO_RAMADAN_DESCRIPTION,TID_DECO_RAMFOUNTAIN,,,,,,TapDecorationGeneric,,,,,,,,,TRUE,,,,,,,,,,,
,,,,,,,,,,,,,,,,,,,,,,,,,,,,,,,,,,,,,,,,,,,
Boardgame trophy Car,sc/icons_decos.sc,shop_icon_boardgame_car,1,0,,sc/decos03_features.sc,boardgame_trophy_car,2,2,,999,,,,,TID_DECO_BOARDGAME_DESCRIPTION,TID_DECO_BOARDGAME_CAR,,,,,,TapDecorationGeneric,,,,,TRUE,,,,TRUE,,,,,,,,,,,
Boardgame trophy Balloon,sc/icons_decos.sc,shop_icon_boardgame_balloon,1,0,,sc/decos03_features.sc,boardgame_trophy_balloon,2,2,,999,,,,,TID_DECO_BOARDGAME_DESCRIPTION,TID_DECO_BOARDGAME_BALLOON,,,,,,TapDecorationGeneric,,,,,TRUE,,,,TRUE,,,,,,,,,,,
Boardgame trophy Boat,sc/icons_decos.sc,shop_icon_boardgame_boat,1,0,,sc/decos03_features.sc,boardgame_trophy_boat,2,2,,999,,,,,TID_DECO_BOARDGAME_DESCRIPTION,TID_DECO_BOARDGAME_BOAT,,,,,,TapDecorationGeneric,,,,,TRUE,,,,TRUE,,,,,,,,,,,
Boardgame trophy Plane,sc/icons_decos.sc,shop_icon_boardgame_plane,1,0,,sc/decos03_features.sc,boardgame_trophy_plane,2,2,,999,,,,,TID_DECO_BOARDGAME_DESCRIPTION,TID_DECO_BOARDGAME_PLANE,,,,,,TapDecorationGeneric,,,,,TRUE,,,,TRUE,,,,,,,,,,,
Boardgame trophy Train,sc/icons_decos.sc,shop_icon_boardgame_train,1,0,,sc/decos03_features.sc,boardgame_trophy_train,2,2,,999,,,,,TID_DECO_BOARDGAME_DESCRIPTION,TID_DECO_BOARDGAME_TRAIN,,,,,,TapDecorationGeneric,,,,,TRUE,,,,TRUE,,,,,,,,,,,
Boardgame trophy Vespa,sc/icons_decos.sc,shop_icon_boardgame_vespa,1,0,,sc/decos03_features.sc,boardgame_trophy_vespa,2,2,,999,,,,,TID_DECO_BOARDGAME_DESCRIPTION,TID_DECO_BOARDGAME_VESPA,,,,,,TapDecorationGeneric,,,,,TRUE,,,,TRUE,,,,,,,,,,,
,,,,,,,,,,,,,,,,,,,,,,,,,,,,,,,,,,,,,,,,,,,
Sun Dial,sc/icons_decos.sc,shop_icon_sundial,1,0,,sc/decos01_generic.sc,sundial,1,1,,999,,,,,TID_DERBY_DECO_DESCRIPTION,TID_DECO_DECO_SUNDIAL,,,,,,TapDecorationGeneric,,,,,,,TRUE,,TRUE,,,,,,,,,,,
Horseshoe Game,sc/icons_decos.sc,shop_icon_horseshoe_game,1,0,,sc/decos03_features.sc,horseshoe_game,1,1,,999,,,,,TID_DERBY_DECO_DESCRIPTION,TID_DECO_DERBY_HORSESHOE,,,,,,TapDecorationGeneric,,,,,,,TRUE,,TRUE,,,,,,,,,,,
Haybale Guitar,sc/icons_decos.sc,shop_icon_haybale_guitar,1,0,,sc/decos01_generic.sc,haybale_guitar,1,2,,999,,,,,TID_DERBY_DECO_DESCRIPTION,TID_DECO_DERBY_GUITAR,,,,,,TapDecorationGeneric,,,,,,,TRUE,,TRUE,,,,,,,,,,,
Wooden Post,sc/icons_decos.sc,shop_icon_wooden_post,1,0,,sc/decos03_features.sc,wooden_post,2,1,,999,,,,,TID_DERBY_DECO_DESCRIPTION,TID_DECO_DERBY_POST,,,,,,TapDecorationGeneric,,,,,,,TRUE,,TRUE,,,,,,,,,,,
Haybale Round,sc/icons_decos.sc,shop_icon_haybale_round,1,0,,sc/decos01_generic.sc,haybale_round,2,1,,999,,,,,TID_DERBY_DECO_DESCRIPTION,TID_DECO_DERBY_HAYBALE,,,,,,TapDecorationGeneric,,,,,,,TRUE,,TRUE,,,,,,,,,,,
Wagon,sc/icons_decos.sc,shop_icon_wagon,1,0,,sc/decos03_features.sc,wagon,2,2,,999,,,,,TID_DERBY_DECO_DESCRIPTION,TID_DECO_WAGON,,,,,,TapDecorationGeneric,,,,,,,TRUE,,TRUE,,,,,,,,,,,
Horseshoe Gate,sc/icons_decos.sc,shop_icon_horseshoe_gate,1,0,,sc/decos03_features.sc,horse_shoe_gate,1,2,,999,,,,,TID_DECO_GENERICFARM_DESCRIPTION,TID_DECO_HORSESHOEGATE,,,,,,TapDecorationGeneric,,,,,,,TRUE,,TRUE,,,,,,,,,,,
Water Pump,sc/icons_decos.sc,shop_icon_waterpump,1,0,,sc/decos01_generic.sc,water_pump,1,1,,999,,,,,TID_DERBY_DECO_DESCRIPTION,TID_DECO_WATERPUMP,,,,,,TapDecorationGeneric,,,,,,,TRUE,,TRUE,,,,,,,,,,,
Scuba Helmet,sc/icons_decos.sc,shop_icon_scuba,1,0,,sc/decos01_generic.sc,scuba,1,2,,999,,,,,TID_DERBY_DECO_DESCRIPTION,TID_DECO_SCUBAHELMET,,,,,,TapDecorationGeneric,,,,,,,TRUE,,TRUE,,,,,,,,,,,
Flower Boots,sc/icons_decos.sc,shop_icon_flowerboots,1,0,,sc/decos01_generic.sc,flower_boots,1,1,,999,,,,,TID_DERBY_DECO_DESCRIPTION,TID_DECO_FLOWERBOOTS,,,,,,TapDecorationGeneric,,,,,,,TRUE,,TRUE,,,,,,,,,,,
,,,,,,,,,,,,,,,,,,,,,,,,,,,,,,,,,,,,,,,,,,,
Flower Box,sc/icons_decos.sc,shop_icon_flowerbox,1,0,,sc/decos01_generic.sc,flower_box,1,1,,999,,,,,TID_DERBY_DECO_DESCRIPTION,TID_DECO_FLOWERBOX,,TRUE,,,,TapDecorationGeneric,,,,,,,TRUE,,TRUE,,,,,,,,,,,
Potting Table,sc/icons_decos.sc,shop_icon_potting_table,1,0,,sc/decos01_generic.sc,potting_table,1,1,,999,,,,,TID_DERBY_DECO_DESCRIPTION,TID_DECO_POTTINGTABLE,,,,,,TapDecorationGeneric,,,,,,,TRUE,,TRUE,,,,,,,,,,,
Potting Ladder,sc/icons_decos.sc,shop_icon_potting_ladders,1,0,,sc/decos01_generic.sc,potting_ladder,1,1,,999,,,,,TID_DERBY_DECO_DESCRIPTION,TID_DECO_POTTINGLADDER,,,,,,TapDecorationGeneric,,,,,,,TRUE,,TRUE,,,,,,,,,,,
Seeding,sc/icons_decos.sc,shop_icon_seeding,1,0,,sc/decos01_generic.sc,seeding,1,2,,999,,,,,TID_DERBY_DECO_DESCRIPTION,TID_DECO_SEEDING,,,,,,TapDecorationGeneric,,,,,,,TRUE,,TRUE,,,,,,,,,,,
Axe Rock,sc/icons_decos.sc,shop_icon_axe_rock,1,0,,sc/decos01_generic.sc,axe_and_rock,1,1,,999,,,,,TID_DERBY_DECO_DESCRIPTION,TID_DECO_AXEROCK,,,,,,TapDecorationGeneric,,,,,,,TRUE,,TRUE,,,,,,,,,,,
Trolley,sc/icons_decos.sc,shop_icon_trolley,1,0,,sc/decos01_generic.sc,mine_trolley,1,1,,999,,,,,TID_DERBY_DECO_DESCRIPTION,TID_DECO_TROLLEY,,TRUE,,,,TapDecorationGeneric,,,,,,,TRUE,,TRUE,,,,,,,,,,,
Miners Lunch,sc/icons_decos.sc,shop_icon_miners_lunch,1,0,,sc/decos01_generic.sc,miners_lunch,1,2,,999,,,,,TID_DERBY_DECO_DESCRIPTION,TID_DECO_MINERLUNCH,,,,,,TapDecorationGeneric,,,,,,,TRUE,,TRUE,,,,,,,,,,,
,,,,,,,,,,,,,,,,,,,,,,,,,,,,,,,,,,,,,,,,,,,
RainbowFlag,sc/icons_decos.sc,shop_icon_flag_rainbow,1,0,,sc/decos01_generic.sc,rainbow_flag,1,2,,999,,,,,TID_DECO_GENERICFARM_DESCRIPTION,TID_DECO_RAINBOWFLAG,,,,,,TapDecorationGeneric,,,,,,,TRUE,,TRUE,,,,,,,,,,,
,,,,,,,,,,,,,,,,,,,,,,,,,,,,,,,,,,,,,,,,,,,
KangaroPawGrassPink,sc/icons_decos.sc,shop_icon_deco_kangaroopaw_grass,1,0,,sc/decos03_features.sc,kangaroo_paw_grass_pink,1,1,4500,,,,500,1,TID_SANCTUARYDECO_DESC,TID_DECO_PAWGRASS,Buy,,,,,TapDecorationGeneric,TRUE,,25,,,TRUE,,TRUE,,,Zebra1,,,,,,,,,
RedAcacia,sc/icons_decos.sc,shop_icon_deco_red_acacia,1,0,,sc/decos03_features.sc,red_acacia,1,1,,,Voucher2,3,,,TID_SANCTUARYDECO_DESC,TID_DECO_REDACACIA,Buy,,,,,TapDecorationGeneric,TRUE,,25,,,TRUE,,TRUE,,,Zebra1,,,,,,,,,
,,,,,,,,,,,,Voucher1,5,,,,,,,,,,,,,,,,,,,,,,,,,,,,,,
RomanGate,sc/icons_decos.sc,shop_icon_roman_gate,1,0,,sc/decos01_generic.sc,roman_gate,3,1,,999,,,,,TID_DERBY_DECO_DESCRIPTION,TID_DECO_FANCYARCH,,,,,,TapDecorationGeneric,,,,,,,TRUE,,TRUE,,,,,,,,,,,
Roman fountain,sc/icons_decos.sc,shop_icon_roman_fountain,1,0,,sc/decos01_generic.sc,roman_fountain,2,1,,999,,,,,TID_DERBY_DECO_DESCRIPTION,TID_DECO_FANCYFOUNTAIN,,,,,,TapDecorationGeneric,,,,,,,TRUE,,TRUE,,,,,,,,,,,
Old tractor,sc/icons_decos.sc,shop_icon_old_tractor,1,0,,sc/decos01_generic.sc,rusty_tractor,3,2,,999,,,,,TID_DERBY_DECO_DESCRIPTION,TID_DECO_BLUETRACTOR,,,,,,TapDecorationGeneric,,,,,,,TRUE,,TRUE,,,,,,,,,,,
Bath tub,sc/icons_decos.sc,shop_icon_bathtub,1,0,,sc/decos01_generic.sc,bath_tub,1,2,,999,,,,,TID_DERBY_DECO_DESCRIPTION,TID_DECO_FLOWERBATHTUB,,,,,,TapDecorationGeneric,,,,,,,TRUE,,TRUE,,,,,,,,,,,
Camera obscura,sc/icons_decos.sc,shop_icon_camera,1,0,,sc/decos01_generic.sc,camera,1,1,,999,,,,,TID_DERBY_DECO_DESCRIPTION,TID_DECO_CAMERAOBSCURA,,,,,,TapDecorationGeneric,,,,,,,TRUE,,TRUE,,,,,,,,,,,
Phone booth,sc/icons_decos.sc,shop_icon_phonebooth,1,0,,sc/decos01_generic.sc,phone_booth,1,1,,999,,,,,TID_DERBY_DECO_DESCRIPTION,TID_DECO_PHONEBOOTH,,,,,,TapDecorationGeneric,,,,,,,TRUE,,TRUE,,,,,,,,,,,
Pumpkin scarecrow,sc/icons_decos.sc,shop_icon_pumpkin_scarecrow,1,0,,sc/decos02_seasonal.sc,scarecrow,1,1,,999,,,,,TID_DECO_HAUNTED_BIRDHOUSE_DESC,TID_DECO_SPOOKYSCARECROW,,,,,,TapDecorationGeneric,,,,Halloween,TRUE,,,,TRUE,,,,,,,,,,,
RedOatsGrass,sc/icons_decos.sc,shop_icon_deco_red_oats_grass,1,0,,sc/decos03_features.sc,red_oats_grass,1,1,,,Voucher1,5,,,TID_SANCTUARYDECO_DESC,TID_DECO_REDOATSGRASS,Buy,,,,,TapDecorationGeneric,TRUE,,25,,,TRUE,,TRUE,,,Zebra2,,,,,,,,,
,,,,,,,,,,,,Voucher3,1,,,,,,,,,,,,,,,,,,,,,,,,,,,,,,
StarGrass,sc/icons_decos.sc,shop_icon_deco_star_grass,1,0,,sc/decos03_features.sc,star_grass,1,1,4500,,,,500,1,TID_SANCTUARYDECO_DESC,TID_DECO_STARGRASS,Buy,,,,,TapDecorationGeneric,TRUE,,25,,,TRUE,,TRUE,,,Zebra2,,,,,,,,,
HalloweenGrave,sc/icons_decos.sc,shop_icon_pumpkin_grave,1,0,,sc/decos02_seasonal.sc,pumpkin_grave,1,2,,999,,,,,TID_DECO_HAUNTED_BIRDHOUSE_DESC,TID_DECO_HALLOWEENGRAVE,,,,,,TapDecorationGeneric,,,,Halloween,TRUE,,,,TRUE,,,,,,,,,,,
,,,,,,,,,,,,,,,,,,,,,,,,,,,,,,,,,,,,,,,,,,,
Winter Table,sc/icons_decos.sc,shop_icon_winter_table,1,0,,sc/decos02_seasonal.sc,winter_table,1,2,,999,,,,,TID_DECO_CHRISTMAS_BELL_DESC,TID_DECO_WINTERTABLE,,,,,,TapDecorationGeneric,,,,Christmas,,,,,TRUE,,,,,,,,,,,
Music Box,sc/icons_decos.sc,shop_icon_music_box,1,0,,sc/decos02_seasonal.sc,music_box,1,1,,999,,,,,TID_DECO_CHRISTMAS_BELL_DESC,TID_DECO_MUSICBOX,,,,,,TapDecorationGeneric,,,,Christmas,,,,,TRUE,,,,,,,,,,,
Fireplace,sc/icons_decos.sc,shop_icon_fireplace,1,0,,sc/decos02_seasonal.sc,fireplace,2,2,,999,,,,,TID_DECO_CHRISTMAS_BELL_DESC,TID_DECO_FIREPLACE,,,,,,TapDecorationGeneric,,,,Christmas,,,,,TRUE,,,,,,,,,,,
,,,,,,,,,,,,,,,,,,,,,,,,,,,,,,,,,,,,,,,,,,,
Wintersock,sc/icons_decos.sc,shop_icon_winter_sock,1,0,,sc/decos02_seasonal.sc,wintersock,1,1,,999,,,,,TID_DECO_CHRISTMAS_BELL_DESC,TID_DECO_WINTERBOOT,,,,,,TapDecorationGeneric,,,,Christmas,TRUE,,,,TRUE,,,,,,,,,,,
Frozen Fountain,sc/icons_decos.sc,shop_icon_frozen_fountain,1,0,,sc/decos02_seasonal.sc,frozen_fountain,2,2,,999,,,,,TID_DECO_CHRISTMAS_BELL_DESC,TID_DECO_FROZENFOUNTAIN,,,,,,TapDecorationGeneric,,,,Christmas,TRUE,,,,TRUE,,,,,,,,,,,
Organ Grinder,sc/icons_decos.sc,shop_icon_organ_grinder,1,0,,sc/decos02_seasonal.sc,organ_grinder,2,1,,999,,,,,TID_DECO_NEWYEAR_BALLOON_DESC,TID_DECO_BARRELORGAN,,,,,,TapDecorationGeneric,,,,NewYear,TRUE,,,,TRUE,,,,,,,,,,,
,,,,,,,,,,,,,,,,,,,,,,,,,,,,,,,,,,,,,,,,,,,
China Jadetalisman,sc/icons_decos.sc,shop_icon_china_jadetalisman,1,0,,sc/decos02_seasonal.sc,china_jadetalisman,1,1,,999,,,,,TID_DECO_GENERICFARM_DESCRIPTION,TID_DECO_JADETALISMAN,,,,,,TapDecorationGeneric,,,,ChineseNewYear,,,,,TRUE,,,,,,,,,,,
China Pavilion,sc/icons_decos.sc,shop_icon_china_pavilion,1,0,,sc/decos02_seasonal.sc,china_pavilion,2,2,,999,,,,,TID_DECO_GENERICFARM_DESCRIPTION,TID_DECO_BAMBOOPAVILION,,,,,,TapDecorationGeneric,,,,ChineseNewYear,,,,,TRUE,,,,,,,,,,,
China Jadebench,sc/icons_decos.sc,shop_icon_china_jadebench,1,0,,sc/decos02_seasonal.sc,china_jadebench,1,2,,999,,,,,TID_DECO_GENERICFARM_DESCRIPTION,TID_DECO_JADEBENCH,,,,,,TapDecorationGeneric,,,,ChineseNewYear,,,,,TRUE,,,,,,,,,,,
China JadeLion,sc/icons_decos.sc,shop_icon_china_jade_lion,1,0,,sc/decos02_seasonal.sc,china_jade_lion,1,1,,999,,,,,TID_DECO_GENERICFARM_DESCRIPTION,TID_DECO_JADELION,,,,,,TapDecorationGeneric,,,,ChineseNewYear,,,,,TRUE,,,,,,,,,,,
China Incenseburner,sc/icons_decos.sc,shop_icon_cny_incense_burner,1,0,,sc/decos02_seasonal.sc,china_incense_burner,1,1,,999,,,,,TID_DECO_GENERICFARM_DESCRIPTION,TID_DECO_INCENSEBURNER,,,,,,TapDecorationGeneric,,,,ChineseNewYear,TRUE,,,,TRUE,,,,,,,,,,,
China Flowerpot,sc/icons_decos.sc,shop_icon_china_flower_pot,1,0,,sc/decos02_seasonal.sc,china_flower_pot,1,1,,999,,,,,TID_DECO_GENERICFARM_DESCRIPTION,TID_DECO_GOLDVASE,,,,,,TapDecorationGeneric,,,,ChineseNewYear,,,,,TRUE,,,,,,,,,,,
China Fishfountain,sc/icons_decos.sc,shop_icon_fish_fountain,1,0,,sc/decos02_seasonal.sc,china_fish_fountain,1,2,,999,,,,,TID_DECO_GENERICFARM_DESCRIPTION,TID_DECO_FISHFOUNTAIN,,,,,,TapDecorationGeneric,,,,ChineseNewYear,,,,,TRUE,,,,,,,,,,,
China DragonBell,sc/icons_decos.sc,shop_icon_dragonbell,1,0,,sc/decos02_seasonal.sc,china_dragonBell,2,2,,999,,,,,TID_DECO_GENERICFARM_DESCRIPTION,TID_DECO_JADEDRAGON,,,,,,TapDecorationGeneric,,,,ChineseNewYear,,,,,TRUE,,,,,,,,,,,
China Cart,sc/icons_decos.sc,shop_icon_china_cart,1,0,,sc/decos02_seasonal.sc,china_cart,1,2,,999,,,,,TID_DECO_GENERICFARM_DESCRIPTION,TID_DECO_JADECART,,,,,,TapDecorationGeneric,,,,ChineseNewYear,,,,,TRUE,,,,,,,,,,,
China Bamboo,sc/icons_decos.sc,shop_icon_china_bamboo,1,0,,sc/decos02_seasonal.sc,china_bamboo,1,1,,999,,,,,TID_DECO_GENERICFARM_DESCRIPTION,TID_DECO_BAMBOOPATCH,,,,,,TapDecorationGeneric,,,,ChineseNewYear,TRUE,TRUE,,,,,,,,,,,,,,
,,,,,,,,,,,,,,,,,,,,,,,,,,,,,,,,,,,,,,,,,,,
Valley trophy Surfer,sc/icons_decos.sc,shop_icon_pig_surfing,1,0,,sc/decos03_features.sc,boardgame_trophy_surfer,1,1,,999,,,,,TID_DECO_BOARDGAME_DESCRIPTION,TID_DECO_SURFERPIG,,,,,,TapDecorationGeneric,,,,,TRUE,,,,TRUE,,,,,,,,,,,
Valley trophy Skier,sc/icons_decos.sc,shop_icon_sheep_skiing,1,0,,sc/decos03_features.sc,boardgame_trophy_skier,1,1,,999,,,,,TID_DECO_BOARDGAME_DESCRIPTION,TID_DECO_SKIERSHEEP,,,,,,TapDecorationGeneric,,,,,TRUE,,,,TRUE,,,,,,,,,,,
Valley trophy Skater,sc/icons_decos.sc,shop_icon_sheep_skating,1,0,,sc/decos03_features.sc,boardgame_trophy_skater,1,1,,999,,,,,TID_DECO_BOARDGAME_DESCRIPTION,TID_DECO_SKATERSHEEP,,,,,,TapDecorationGeneric,,,,,TRUE,,,,TRUE,,,,,,,,,,,
Valley trophy Scuba,sc/icons_decos.sc,shop_icon_chicken_scuba,1,0,,sc/decos03_features.sc,boardgame_trophy_scuba,1,1,,999,,,,,TID_DECO_BOARDGAME_DESCRIPTION,TID_DECO_SCUBACHICKEN,,,,,,TapDecorationGeneric,,,,,TRUE,,,,TRUE,,,,,,,,,,,
Valley trophy Roller,sc/icons_decos.sc,shop_icon_goat_skater,1,0,,sc/decos03_features.sc,boardgame_trophy_roller,1,1,,999,,,,,TID_DECO_BOARDGAME_DESCRIPTION,TID_DECO_ROLLERGOAT,,,,,,TapDecorationGeneric,,,,,TRUE,,,,TRUE,,,,,,,,,,,
Valley trophy Hiking,sc/icons_decos.sc,shop_icon_pig_hiker,1,0,,sc/decos03_features.sc,boardgame_trophy_hiking,1,1,,999,,,,,TID_DECO_BOARDGAME_DESCRIPTION,TID_DECO_HIKERPIG,,,,,,TapDecorationGeneric,,,,,TRUE,,,,TRUE,,,,,,,,,,,
Valley trophy Explorer,sc/icons_decos.sc,shop_icon_chicken_explorer,1,0,,sc/decos03_features.sc,boardgame_trophy_explorer,1,1,,999,,,,,TID_DECO_BOARDGAME_DESCRIPTION,TID_DECO_EXPLORERCHICKEN,,,,,,TapDecorationGeneric,,,,,TRUE,,,,TRUE,,,,,,,,,,,
Valley trophy Diver,sc/icons_decos.sc,shop_icon_chicken_diver,1,0,,sc/decos03_features.sc,boardgame_trophy_diver,1,1,,999,,,,,TID_DECO_BOARDGAME_DESCRIPTION,TID_DECO_DIVERCHICKEN,,,,,,TapDecorationGeneric,,,,,TRUE,,,,TRUE,,,,,,,,,,,
Valley trophy Captain,sc/icons_decos.sc,shop_icon_cow_steering,1,0,,sc/decos03_features.sc,boardgame_trophy_captain,1,1,,999,,,,,TID_DECO_BOARDGAME_DESCRIPTION,TID_DECO_CAPTAINCOW,,,,,,TapDecorationGeneric,,,,,TRUE,,,,TRUE,,,,,,,,,,,
,,,,,,,,,,,,,,,,,,,,,,,,,,,,,,,,,,,,,,,,,,,
Valentine's Roseplanter,sc/icons_decos.sc,shop_icon_valentines_roseplanter,1,0,,sc/decos02_seasonal.sc,valentines_roseplanter,2,1,,999,,,,,TID_DECO_GENERICFARM_DESCRIPTION,TID_DECO_ROSE_FOUNTAIN,,,,,,TapDecorationGeneric,,,,Valentines,TRUE,,,,TRUE,,,,,,,,,,,
Valentine's Gardenbench,sc/icons_decos.sc,shop_icon_valentines_bench,1,0,,sc/decos02_seasonal.sc,valentines_bench,2,1,,999,,,,,TID_DECO_GENERICFARM_DESCRIPTION,TID_DECO_HEART_BENCH,,,,,,TapDecorationGeneric,,,,Valentines,TRUE,,,,TRUE,,,,,,,,,,,
Valentine's Flamingos,sc/icons_decos.sc,shop_icon_valentines_flamingos,1,0,,sc/decos02_seasonal.sc,valentines_flamingos,2,2,,999,,,,,TID_DECO_GENERICFARM_DESCRIPTION,TID_DECO_LOVING_FLAMINGOS,,,,,,TapDecorationGeneric,,,,Valentines,TRUE,,,,TRUE,,,,,,,,,,,
,,,,,,,,,,,,,,,,,,,,,,,,,,,,,,,,,,,,,,,,,,,
Garden boat,sc/icons_decos.sc,shop_icon_garden_boat,1,0,,sc/decos01_generic.sc,garden_boat,1,2,,999,,,,,TID_DECO_GENERICFARM_DESCRIPTION,TID_DECO_GARDEN_BOAT,,,,,,TapDecorationGeneric,,,,,TRUE,,,,TRUE,,,,,,,,,,,
Garden tent,sc/icons_decos.sc,shop_icon_garden_tent,1,0,,sc/decos01_generic.sc,garden_tent,2,2,,999,,,,,TID_DECO_GENERICFARM_DESCRIPTION,TID_DECO_GARDEN_TENT,,,,,,TapDecorationGeneric,,,,,TRUE,,,,TRUE,,,,,,,,,,,
Garden lantern,sc/icons_decos.sc,shop_icon_garden_lantern,1,0,,sc/decos01_generic.sc,garden_lantern,1,1,,999,,,,,TID_DECO_GENERICFARM_DESCRIPTION,TID_DECO_GARDEN_LANTERN,,,,,,TapDecorationGeneric,,,,,TRUE,,,,TRUE,,,,,,,,,,,
,,,,,,,,,,,,,,,,,,,,,,,,,,,,,,,,,,,,,,,,,,,
10th Anniversary,sc/icons_decos.sc,shop_icon_anniversary,1,0,,sc/decos01_generic.sc,anniversary_statue,2,2,,999,,,,,TID_DECO_SC10THBIRTHDAY_DESC,TID_DECO_SC10THBIRTHDAY,,,,,,TapDecorationGeneric,,,,,TRUE,,,,TRUE,,,,,,,,,,,
,,,,,,,,,,,,,,,,,,,,,,,,,,,,,,,,,,,,,,,,,,,
Bunny Topiary,sc/icons_decos.sc,shop_icon_easter_bunny_topiary,1,0,,sc/decos02_seasonal.sc,bunny_topiary,1,1,,999,,,,,TID_DECO_EASTER_DESCRIPTION,TID_DECO_EASTERTOPIARY,,,,,,TapDecorationGeneric,,,,,TRUE,,,,TRUE,,,,,,,,,,,
Bunny Gnome,sc/icons_decos.sc,shop_icon_easter_bunny_gnome,1,0,,sc/decos02_seasonal.sc,bunny_gnome,2,1,,999,,,,,TID_DECO_EASTER_DESCRIPTION,TID_DECO_BUNNYGNOME,,,,,,TapDecorationGeneric,,,,,TRUE,,,,TRUE,,,,,,,,,,,
Easter Surprise,sc/icons_decos.sc,shop_icon_easter_surprise,1,0,,sc/decos02_seasonal.sc,easter_surprise,2,2,,999,,,,,TID_DECO_EASTER_DESCRIPTION,TID_DECO_EASTERSURPRISE,,,,,,TapDecorationGeneric,,,,,TRUE,,,,TRUE,,,,,,,,,,,
Bunny Trampoline,sc/icons_decos.sc,shop_icon_easter_bunny_trampoline,1,0,,sc/decos02_seasonal.sc,bunny_trampoline,2,2,,999,,,,,TID_DECO_EASTER_DESCRIPTION,TID_DECO_HOPPINGBUNNY,,,,,,TapDecorationGeneric,,,,,TRUE,,,,TRUE,,,,,,,,,,,
,,,,,,,,,,,,,,,,,,,,,,,,,,,,,,,,,,,,,,,,,,,
BalloonSheep,sc/icons_decos.sc,shop_icon_balloon_sheep,1,0,,sc/decos02_seasonal.sc,balloon_sheep,1,1,,999,,,,,TID_DECO_GENERICFARM_DESCRIPTION,TID_DECO_SHEEPBALLOON,,,,,,TapDecorationGeneric,,,,,TRUE,,,,TRUE,,,,,,,,,,,
Birthday Bench,sc/icons_decos.sc,shop_icon_birthday_bench,1,0,,sc/decos02_seasonal.sc,birthday_bench,2,1,,999,,,,,TID_DECO_GENERICFARM_DESCRIPTION,TID_DECO_BIRTHDAYBENCH,,,,,,TapDecorationGeneric,,,,,TRUE,,,,TRUE,,,,,,,,,,,
Birthday Gift Tent,sc/icons_decos.sc,shop_icon_birthday_gifttent,1,0,,sc/decos02_seasonal.sc,birthday_gift_tent,2,2,,999,,,,,TID_DECO_GENERICFARM_DESCRIPTION,TID_DECO_BIRTHDAYTENT,,,,,,TapDecorationGeneric,,,,,TRUE,,,,TRUE,,,,,,,,,,,
Butterflyballoon Flowerbed,sc/icons_decos.sc,shop_icon_butterflyballoon_flowerbed,1,0,,sc/decos02_seasonal.sc,butterflyballoon_flowerbed,2,1,,999,,,,,TID_DECO_GENERICFARM_DESCRIPTION,TID_DECO_BUTTERFLYBALLOONS,,,,,,TapDecorationGeneric,,,,,TRUE,,,,TRUE,,,,,,,,,,,
,,,,,,,,,,,,,,,,,,,,,,,,,,,,,,,,,,,,,,,,,,,
PopPromo,sc/icons_decos.sc,shop_icon_pop_deco,1,0,,sc/decos03_features.sc,pop_deco,1,1,,999,,,,,TID_DECO_POP_PROMO,TID_DECO_POP_PROMO_DESCRIPTION,,,,,,TapDecorationGeneric,,,,,TRUE,,,,TRUE,,,,,,,,,,,
,,,,,,,,,,,,,,,,,,,,,,,,,,,,,,,,,,,,,,,,,,,
Shipwreck Boat,sc/icons_decos.sc,shop_icon_shipwreck_boat,1,0,,sc/decos01_generic.sc,shipwreck_boat,2,2,,999,,,,,TID_DECO_GENERICFARM_DESCRIPTION,TID_DECO_SHIPWRECK,,,,,,TapDecorationGeneric,,,,,TRUE,,,,TRUE,,,,,,,,,,,
Wavy Bush,sc/icons_decos.sc,shop_icon_wavy_bush,1,0,,sc/decos01_generic.sc,wavy_bush,1,2,,999,,,,,TID_DECO_GENERICFARM_DESCRIPTION,TID_DECO_WAVY_BUSH,,,,,,TapDecorationGeneric,,,,,TRUE,,,,TRUE,,,,,,,,,,,
Hammock,sc/icons_decos.sc,shop_icon_hammock,1,0,,sc/decos01_generic.sc,hammock,1,2,,999,,,,,TID_DECO_GENERICFARM_DESCRIPTION,TID_DECO_HAMMOCK,,,,,,TapDecorationGeneric,,,,,TRUE,,,,TRUE,,,,,,,,,,,
Fish Fence,sc/icons_decos.sc,shop_icon_fish_fence,1,0,,sc/decos01_generic.sc,fish_fence,1,2,,999,,,,,TID_DECO_GENERICFARM_DESCRIPTION,TID_DECO_FISH_FENCE,,,,,,TapDecorationGeneric,,,,,TRUE,,,,TRUE,,,,,,,,,,,
Pine Cone Basket,sc/icons_decos.sc,shop_icon_pine_cone_basket,1,0,,sc/decos01_generic.sc,pine_cone_basket,1,1,,999,,,,,TID_DECO_GENERICFARM_DESCRIPTION,TID_DECO_PINECONES,,,,,,TapDecorationGeneric,,,,,TRUE,,,,TRUE,,,,,,,,,,,
,,,,,,,,,,,,,,,,,,,,,,,,,,,,,,,,,,,,,,,,,,,
Sanctuary Fountain,sc/icons_decos.sc,shop_icon_deco_sanctuary_fountain,1,0,,sc/decos03_features.sc,sanctuary_fountain,2,2,4500,,,,500,1,TID_SANCTUARYDECO_DESC,TID_DECO_WATERING_HOLE,Buy,,,,,TapDecorationGeneric,TRUE,,25,,,TRUE,,TRUE,,,ZebraCalf1,,,,,,,,,
Grass Patch,sc/icons_decos.sc,shop_icon_deco_grass_patch,1,0,,sc/decos03_features.sc,grass_patch,1,1,,,Voucher1,5,,,TID_SANCTUARYDECO_DESC,TID_DECO_SAVANNAH_GRASS,Buy,,,,,TapDecorationGeneric,TRUE,,25,,,TRUE,,TRUE,,,ZebraCalf1,,,,,,,,,
,,,,,,,,,,,,Voucher3,1,,,,,,,,,,,,,,,,,,,,,,,,,,,,,,
Joshua Tree,sc/icons_decos.sc,shop_icon_deco_joshua_tree,1,0,,sc/decos03_features.sc,joshua_tree,1,1,4500,,,,500,1,TID_SANCTUARYDECO_DESC,TID_DECO_JOSHUA_TREE,Buy,,,,,TapDecorationGeneric,TRUE,,25,,,TRUE,,TRUE,,,ZebraCalf2,,,,,,,,,
Pineapple Lilies,sc/icons_decos.sc,shop_icon_deco_pineapple_lilies,1,0,,sc/decos03_features.sc,pineapple_lilies,1,1,,,Voucher2,3,,,TID_SANCTUARYDECO_DESC,TID_DECO_PINEAPPLE_LILY,Buy,,,,,TapDecorationGeneric,TRUE,,25,,,TRUE,,TRUE,,,ZebraCalf2,,,,,,,,,
,,,,,,,,,,,,Voucher1,5,,,,,,,,,,,,,,,,,,,,,,,,,,,,,,
,,,,,,,,,,,,,,,,,,,,,,,,,,,,,,,,,,,,,,,,,,,
Pumpkin Carving Table,sc/icons_decos.sc,shop_icon_pumpkin_carving_table,1,0,,sc/decos01_generic.sc,pumpkin_carving_table,2,2,,999,,,,,TID_DECO_GENERICFARM_DESCRIPTION,TID_DECO_FALLTABLE,,,,,,TapDecorationGeneric,,,,,TRUE,,,,TRUE,,,,,,,,,,,
Autumn Rocking Chair,sc/icons_decos.sc,shop_icon_pumpkins_rockingchair,1,0,,sc/decos01_generic.sc,autumn_rockingchair,1,2,,999,,,,,TID_DECO_GENERICFARM_DESCRIPTION,TID_DECO_ROCKINGCHAIR,,,,,,TapDecorationGeneric,,,,,TRUE,,,,TRUE,,,,,,,,,,,
,,,,,,,,,,,,,,,,,,,,,,,,,,,,,,,,,,,,,,,,,,,
,,,,,,,,,,,,,,,,,,,,,,,,,,,,,,,,,,,,,,,,,,,
Altar,sc/icons_decos.sc,shop_icon_altar,1,0,,sc/decos02_seasonal.sc,halloween_altar,2,2,,999,,,,,TID_DECO_HAUNTED_BIRDHOUSE_DESC,TID_DECO_HALLOWEENALTAR,,,,,,TapDecorationGeneric,,,,Halloween,TRUE,,,,TRUE,,,,,,,,,,,
Broomsticks,sc/icons_decos.sc,shop_icon_broomsticks,1,0,,sc/decos02_seasonal.sc,halloween_broomsticks,2,1,,999,,,,,TID_DECO_HAUNTED_BIRDHOUSE_DESC,TID_DECO_BROOMSTICKS,,,,,,TapDecorationGeneric,,,,Halloween,TRUE,,,,TRUE,,,,,,,,,,,
Cauldron,sc/icons_decos.sc,shop_icon_cauldron_event,1,0,,sc/decos02_seasonal.sc,halloween_cauldron_event,1,1,,999,,,,,TID_DECO_HAUNTED_BIRDHOUSE_DESC,TID_DECO_BUBBLINGCAULDRON,,,,,,TapDecorationGeneric,,,,Halloween,TRUE,,,,TRUE,,,,,,,,,,,
,,,,,,,,,,,,,,,,,,,,,,,,,,,,,,,,,,,,,,,,,,,
Valley trophy Liberty,sc/icons_decos.sc,shop_icon_valley_usa_liberty,1,0,,sc/decos03_features.sc,valley_usa_liberty,1,1,,999,,,,,TID_DECO_BOARDGAME_DESCRIPTION,TID_DECO_USALIBERTY,,,,,,TapDecorationGeneric,,,,,TRUE,,,,TRUE,,,,,,,,,,,
Valley trophy Thai Elephant,sc/icons_decos.sc,shop_icon_valley_thai_elephant,1,0,,sc/decos03_features.sc,valley_thai_elephant,1,1,,999,,,,,TID_DECO_BOARDGAME_DESCRIPTION,TID_DECO_GOLDELEPHANT,,,,,,TapDecorationGeneric,,,,,TRUE,,,,TRUE,,,,,,,,,,,
Valley trophy Pretzel Cow,sc/icons_decos.sc,shop_icon_valley_germany_cow,1,0,,sc/decos03_features.sc,valley_germany_cow,1,1,,999,,,,,TID_DECO_BOARDGAME_DESCRIPTION,TID_DECO_PRETZELCOW,,,,,,TapDecorationGeneric,,,,,TRUE,,,,TRUE,,,,,,,,,,,
,,,,,,,,,,,,,,,,,,,,,,,,,,,,,,,,,,,,,,,,,,,
Tall Aloe Ferox,sc/icons_decos.sc,shop_icon_deco_aloe_tall,1,0,,sc/decos03_features.sc,tall_aloe_ferox,1,1,4500,,,,500,1,TID_SANCTUARYDECO_DESC,TID_DECO_TALL_ALOE_FEROX,Buy,,,,,TapDecorationGeneric,TRUE,,25,,,TRUE,,TRUE,,,Gorilla1,,,,,,,,,
Saint Paulia,sc/icons_decos.sc,shop_icon_deco_saintpaulia,1,0,,sc/decos03_features.sc,saintpaulia,1,1,,,Voucher1,5,,,TID_SANCTUARYDECO_DESC,TID_DECO_SAINTPAULIA,Buy,,,,,TapDecorationGeneric,TRUE,,25,,,TRUE,,TRUE,,,Gorilla1,,,,,,,,,
,,,,,,,,,,,,Voucher3,1,,,,,,,,,,,,,,,,,,,,,,,,,,,,,,
African Lily,sc/icons_decos.sc,shop_icon_deco_africanlily,1,0,,sc/decos03_features.sc,african_lily,1,1,4500,,,,500,1,TID_SANCTUARYDECO_DESC,TID_DECO_AFRICAN_LILY,Buy,,,,,TapDecorationGeneric,TRUE,,25,,,TRUE,,TRUE,,,Gorilla2,,,,,,,,,
Pincushion Shrubs,sc/icons_decos.sc,shop_icon_deco_pincushion_shrubs,1,0,,sc/decos03_features.sc,pincushion_shrubs,1,1,,,Voucher2,3,,,TID_SANCTUARYDECO_DESC,TID_DECO_PINCUSHION_SHRUBS,Buy,,,,,TapDecorationGeneric,TRUE,,25,,,TRUE,,TRUE,,,Gorilla2,,,,,,,,,
,,,,,,,,,,,,Voucher1,5,,,,,,,,,,,,,,,,,,,,,,,,,,,,,,
Snow Bunny,sc/icons_decos.sc,shop_icon_snowbunny,1,0,,sc/decos02_seasonal.sc,snowbunny,1,1,,999,,,,,TID_DECO_CHRISTMAS_BELL_DESC,TID_DECO_SNOWBUNNY,,,,,,TapDecorationGeneric,,,,Christmas,TRUE,,,,TRUE,,,,,,,,,,,
WonderTree,sc/icons_decos.sc,shop_icon_wonder_tree,1,0,,sc/decos03_features.sc,wonder_tree,2,2,,999,,,,,TID_DECO_KARIBATREE_DESC,TID_DECO_KARIBATREE,,,,,,TapDecorationGeneric,,,,,TRUE,TRUE,,,,,,,,,,,,,,
Santas Clothes,sc/icons_decos.sc,shop_icon_santas_clothes,1,0,,sc/decos02_seasonal.sc,santas_clothes,1,2,,999,,,,,TID_DECO_CHRISTMAS_BELL_DESC,TID_DECO_JOLLYCLOTHES,,,,,,TapDecorationGeneric,,,,Christmas,TRUE,,,,TRUE,,,,,,,,,,,
Santas Greeting Point,sc/icons_decos.sc,shop_icon_santas_greeting_point,1,0,,sc/decos02_seasonal.sc,santas_greeting_point,2,2,,999,,,,,TID_DECO_CHRISTMAS_BELL_DESC,TID_DECO_JOLLYCORNER,,,,,,TapDecorationGeneric,,,,Christmas,TRUE,,,,TRUE,,,,,,,,,,,
Winter ornaments,sc/icons_decos.sc,shop_icon_winter_ornaments,1,0,,sc/decos02_seasonal.sc,winter_ornaments,1,1,,999,,,,,TID_DECO_CHRISTMAS_BELL_DESC,TID_DECO_WINTERORNAMENTS,,,,,,TapDecorationGeneric,,,,Christmas,TRUE,,,,TRUE,,,,,,,,,,,
